醫療院所名稱,縣市,鄉鎮市區,地址,電話,TWD97X,TWD97Y
八德榮譽國民之家醫務室,桃園市,八德區,榮興路1100號,03 3651285,280782.78,2758998.24
三軍總醫院松山分院附設民眾診療服務處,臺北市,松山區,健康路131號,227462151,306270.665,2771868.07
三軍總醫院基隆分院附設民眾診療服務處,基隆市,仁愛區,孝二路39號2樓,02 4631979,324557.957,2780256.72
三重中興醫院,新北市,三重區,中興北街二十一號,29959680,297390.0053,2771014.111
大千醫療社團法人南勢醫院,苗栗縣,苗栗市,南勢里南勢52號,037-369936,228552.692,2712606.861
大安婦幼醫院,臺南市,中西區,金華路三段167號1、2、3、4樓,06-2278899,167264.8,2543742.81
大安醫院,新竹縣,竹北市,博愛街318巷6號,03-5557188,250808.509,2747512.685
大明醫院,桃園市,龜山區,萬壽路二段964號、966號,03 3202792,284095.49,2765305.04
大東醫院,高雄市,鳳山區,光遠路171-2號,07-7463762,184418.323,2502939.445
大眾醫院,苗栗縣,竹南鎮,光復路304號,037-551479,237808.945,2731530.125
大順醫院,新北市,新莊區,中正路二一五號一至四樓,02 9912637,295528.0846,2769813.809
大順醫院,苗栗縣,大湖鄉,明湖村13鄰中山路71號,037-997666,236499.71,2702010.16
大園敏盛醫院,桃園市,大園區,華中街2號,03-3867521,269775.78,2772693.84
大新醫院,屏東縣,高樹鄉,長榮村興中路208號1樓至3樓與興中路210號1樓,08-7962033,208905.47,2524826.99
工業技術研究院醫務室,新竹縣,竹東鎮,中興路四段195號52館,03-5916106,254820.33,2740783.1
中山醫學大學附設醫院,臺中市,南區,建國北路一段一一○號,04 24739595,214172.4898,2668278.496
中山醫學大學附設醫院中興分院,臺中市,南區,復興路2段11號,,215293.0068,2668147.314
中山醫療社團法人中山醫院,臺北市,大安區,仁愛路四段112巷11號,02-27081166,305471.9105,2769938.727
中央印製廠醫務室,新北市,新店區,安康路三段235號,22156789-182,299260.2839,2760360.231
中央銀行秘書處醫務室,臺北市,中正區,羅斯福路一段2號(實際營業地址:第二大樓2樓),02-23571853,302164.4742,2769662.506
中美醫院,桃園市,中壢區,中美路95號1-3樓(含1樓夾層),03-4266222,272729.09,2761209.95
中英醫療社團法人中英醫院,新北市,板橋區,文化路一段192之1號1樓、194號1至4樓、196號1至4樓、198號1至4樓、200號1至4樓、202號1至4樓、204號1至4樓,22563584,297062.8315,2768068.229
中英醫療社團法人板英醫院,新北市,板橋區,文化路1段267、269、271號1-4樓,82513923,296893.9224,2767908.893
中國醫藥大學北港附設醫院,雲林縣,北港鎮,新德路123號,05 7837901,179354.996,2609983.996
中國醫藥大學附設醫院,臺中市,北區,育德路二號,04 22052121,217536.4269,2672528.569
中國醫藥大學附設醫院台中東區分院,臺中市,東區,自由路三段296號,04-22121058,218982.2626,2670844.215
中國醫藥大學附設醫院臺北分院,臺北市,內湖區,內湖路二段360號、362號,02-27919696,309582.7372,2775009.92
中國醫藥大學附設醫院豐原分院,臺中市,豐原區,中正路199號,04-25222538,221404.3924,2682924.616
中國醫藥大學新竹附設醫院,新竹縣,竹北市,興隆路一段199號,03-5580558,250201.03,2746287.86
中祥醫院,新北市,中和區,中山路二段138號〈二至四樓〉?140及142號〈一至四樓〉,02 2405055,300677.3538,2766231.3
中華民國防癆協會第一胸腔病防治所,臺北市,大同區,民權西路一○四號二樓,25538828,302696.609,2772857.933
中華民國防癌篩檢中心醫療財團法人,臺北市,大安區,復興南路一段287號7樓之1,02-27014936,304881.9661,2769810.225
中華汽車工業股份有限公司醫務室,桃園市,楊梅區,秀才路618號1樓,03-4783191,263611.06,2753835.5
中壢長榮醫院,桃園市,中壢區,環中東路150號,03-4631230,276033.25,2761860.86
仁村醫院,臺南市,中西區,西門路1段486號1、2、3、4樓、488號1樓及府緯街63號1、2、3樓,06-2152607,167747.02,2542701.93
仁和醫院,彰化縣,田中鎮,中州路一段157號,04 8742108,208026.667,2639360.883
仁祥醫院,桃園市,中壢區,中美路13.15.17號1-6樓,03-4223171,272949.45,2761134.75
仁惠婦幼醫院,高雄市,鳳山區,自由路81號,(07)7104397,183528.15,2502993.47
仁愛醫療財團法人大里仁愛醫院,臺中市,大里區,東榮路483號,04-24819900,217514.22,2667160.59
仁愛醫療財團法人台中仁愛醫院,臺中市,中區,柳川里柳川東路三段三十六號,04 22255450,217269.5379,2670937.955
仁德醫療社團法人陳仁德醫院,嘉義市,西區,林森西路285號,2258279,193128.524,2597565.475
元復醫院,新北市,土城區,中央路2段318．320．322．324號1至4樓及253、255號1樓,02 22661886,294450.0151,2762829.571
內政部役政署附設成功嶺醫務室,臺中市,烏日區,中山路三段502號1樓,04-23460236,209380.0616,2667387.645
天心中醫醫院,臺中市,豐原區,田心里中山路206號,04 5275666,220790.5119,2681697.844
天主教中華聖母修女會醫療財團法人天主教聖馬爾定醫院,嘉義市,東區,短竹里大雅路二段565號,05 2756000,195563.963,2597059.004
天主教中華道明修女會醫療財團法人天主教福安醫院,雲林縣,斗南鎮,北銘里文昌路110號,05-5952688,197176.43,2619544.89
天主教仁慈醫療財團法人仁慈醫院,新竹縣,湖口鄉,忠孝路29號,03 5993500,254592.211,2754763.997
天主教花蓮教區醫療財團法人台東聖母醫院,臺東縣,臺東市,民族里21鄰杭州街2號,089-322833,265036.157,2517452.465
天主教耕莘醫療財團法人永和耕莘醫院,新北市,永和區,中興街80號地下1樓至地上6樓及國光路123號地下3樓至地上11樓,(02)29286060,302269.181,2767192.65
天主教耕莘醫療財團法人耕莘醫院,新北市,新店區,中正路362號,02-22193391/02-22123066,304076.3444,2763235.299
天主教聖功醫療財團法人聖功醫院,高雄市,苓雅區,建國一路352號,07 2238153,180507.205,2503815.902
天主教靈醫會醫療財團法人惠民醫院,澎湖縣,馬公市,樹德路14號,06-9272318,103893.5843,2608016.985
天主教靈醫會醫療財團法人礁溪杏和醫院,宜蘭縣,礁溪鄉,礁溪路四段129號,03-9886996,327751.321,2746124.262
天主教靈醫會醫療財團法人羅東聖母醫院,宜蘭縣,羅東鎮,中正南路160號,03-9544106,328003.019,2729604.797
天成醫院,桃園市,楊梅區,中山北路一段三五六號,03 4782350,265871.34,2755690.14
天成醫療社團法人天晟醫院,桃園市,中壢區,延平路155號,03-4629292,273129.37,2761654.37
文雄醫院,高雄市,三民區,察哈爾二街132號地下1層地上1至4層,07 3165275,178018.939,2505480.969
日月光半導體製造股份有限公司中壢分公司醫務室,桃園市,中壢區,中華路一段550號1樓,03 4527121,275441.48,2762561.78
日月光半導體製造股份有限公司附設員工醫務室,高雄市,楠梓區,經五路123號6、7樓,07-3617131-80000,178238,2513691.48
世華醫院,嘉義市,西區,仁愛路365號,05-2257525,193009.127,2597069.8
北港仁一醫院,雲林縣,北港鎮,公園路155號,05-7833333,178668.839,2608396.345
台中市北屯區四民衛生所,臺中市,北屯區,后庄路1062號,04-24211945,217559.3146,2676400.85
台中市北屯區軍功衛生所,臺中市,北屯區,軍功路二段一六號,04-22392638,221503.8501,2674564.594
台中市東區衛生所,臺中市,東區,信義街一四二號,04-22834121,218268.825,2669828.959
台南市立醫院(委託秀傳醫療社團法人經營),臺南市,東區,崇德路670號,06-2609926,170711.66,2541007.74
台南市安平區衛生所,臺南市,安平區,平通里育平路310號,06-2996885,164712.79,2543899.2
台南市安南區衛生所,臺南市,安南區,淵東里仁安路70號2樓,06 2567406,165563.93,2550067.23
台塑關係企業麥寮廠區醫務室,雲林縣,麥寮鄉,台塑工業園區一號,05 6912345,169808.816,2633246.53
台新醫院,臺中市,東區,振興路439之2號、439之3號及441號,04 22139966,220085.8426,2669428.353
台灣中油公司石化事業部醫務室,高雄市,林園區,石化二路3號,07-6413701轉8747,188951.9,2488894.73
台灣國際造船股份有限公司基隆廠診療所,基隆市,中正區,和一路224號,(02)24631021#2623,326902.473,2783151.669
台灣基督長老教會馬偕醫療財團法人台東馬偕紀念醫院,臺東縣,臺東市,長沙街303巷1號,89310150,264439.73,2516750.33
台灣基督長老教會馬偕醫療財團法人馬偕兒童醫院,臺北市,中山區,中山北路2段92號,02-25433535,302722.3027,2772401.546
台灣基督長老教會馬偕醫療財團法人馬偕紀念醫院,臺北市,中山區,中山北路二段92號,225433535,302722.3027,2772401.546
台灣基督長老教會馬偕醫療財團法人新竹馬偕紀念醫院,新竹市,東區,光復里光復路二段690號,03-6119595,249067.92,2743635.33
台灣基督長老教會新樓醫療財團法人台南新樓醫院,臺南市,東區,東門路1段57號,06-2748316,169294.84,2543299.08
台灣基督長老教會新樓醫療財團法人麻豆新樓醫院,臺南市,麻豆區,麻佳路一段207號,06-5702228,171479.4,2564408.2
台灣通用器材股份有限公司醫務室,新北市,新店區,寶橋路二三三號,29113861-229,305660.9389,2763564.279
外交部醫務室,臺北市,中正區,凱達格蘭大道2號,23482078,302101.7688,2770189.287
平和醫療社團法人和平醫院,新竹市,北區,和平路86-1號,03-5260151,245511.33,2744614.34
本堂澄清醫院,臺中市,霧峰區,中正路718號,04-23390000,219138.815,2660990.483
永川醫院,臺南市,中西區,成功路169號,06 2245771,168632.99,2544284.76
永和復康醫院,新北市,永和區,中和路575、577、579號1至4樓,(02)29240925,301683.7921,2766311.201
永和醫院,臺南市,中西區,府前路一段304巷2號,06-2231191,167891.02,2543451.9
永欣病理中心,臺中市,南屯區,大墩2街27號1樓,04-24732808,214776.696,2670428.216
永聖醫療社團法人文化醫院,新北市,三峽區,介壽路1段199號,26732885,288198.6501,2758160.004
永達醫療社團法人永達醫院,臺南市,永康區,永大路二段1326號,06-2311111,174306.37,2546933.78
交通部民用航空局航空醫務中心,臺北市,松山區,敦化北路405巷123弄10號,225456700,306056.1875,2772943.729
光田醫療社團法人光田綜合醫院,臺中市,沙鹿區,沙田路117號（含大同街5-2號）,04-26625111,205200.4595,2681167.52
全民醫院,臺中市,北屯區,中清路二段516號,04 22916666,216125.454,2675179.41
全民醫院,新北市,三重區,三和路四段103之2號、103之2號2樓、103之2號3樓,02-22821575,299121.4516,2774380.539
全生醫院,雲林縣,北港鎮,中正路100號,05 7832851,178704.007,2607579.362
吉安醫療社團法人吉安醫院,臺南市,關廟區,花園里中正路435號1、2樓,06-6025115,182766.76,2540784.24
同仁院醫療財團法人萬華醫院,臺北市,萬華區,中華路二段606巷6號,223059292,301452.2382,2768538.228
同仁醫院,新北市,新店區,民權路89號,(02)29170201,304288.0952,2763976.399
名恩療養院,新北市,鶯歌區,鶯桃路二段62號及64號1至4樓,(02)2670-1092,282797.1311,2762859.477
安心醫院,嘉義市,西區,新民路88號,05-2353100,192116.14,2594596.31
安生醫院,雲林縣,斗六市,仁愛里永樂街120號,05 5325386,203803.84,2622795.53
安和醫療社團法人安和醫院,屏東縣,屏東市,崇蘭里自由路598號,08-7651828,196948.15,2509319.06
安泰醫院,高雄市,小港區,學府路111號,07 8017856,184329.977,2496281.978
安泰醫療社團法人安泰醫院,屏東縣,東港鎮,中正路一段210號,08-8329966,194340.91,2486176.06
安泰醫療社團法人潮州安泰醫院,屏東縣,潮州鎮,三星里四維路162及193號,8.7800888,203386.62,2494986.39
成美醫院,彰化縣,彰化市,三民路56號、77號1-2樓,04-7273127,203277.6,2664382.13
竹山秀傳醫療社團法人竹山秀傳醫院,南投縣,竹山鎮,集山路2段75號,049-2624266,220868.99,2632919.93
竹信醫院,新竹縣,竹東鎮,仁愛路一九六號,35962998,259200.061,2736348.345
西園醫療社團法人西園醫院,臺北市,萬華區,西園路二段266、268、270、272、276號、185、187、189號,02-23329888,299947.409,2768934.561
伸港忠孝醫院,彰化縣,伸港鄉,新港村忠孝路三十號,47991618,197795.5,2671563.33
佑民醫療社團法人佑民醫院,南投縣,草屯鎮,太平路一段200號,049-2358151,217622.06,2650689.03
佑青醫療財團法人佑青醫院,屏東縣,內埔鄉,建興村建興路218巷19號,08-7705115,205560.6,2507371.5
佛教慈濟醫療財團法人三義慈濟中醫醫院,苗栗縣,三義鄉,廣盛村16鄰八股路24之9號,037-558666,226092.4,2699728.9
佛教慈濟醫療財團法人大林慈濟醫院,嘉義縣,大林鎮,平林里民生路2號,05-2648000,194628.67,2610421.98
佛教慈濟醫療財團法人斗六慈濟醫院,雲林縣,斗六市,雲林路二段248號,05-5372000,202067.36,2622131.56
佛教慈濟醫療財團法人台中慈濟醫院,臺中市,潭子區,豐興路一段66、88號,04-36060666,221753.1307,2676723.081
佛教慈濟醫療財團法人玉里慈濟醫院,花蓮縣,玉里鎮,民權街1之1號,38882718,282571.845,2581377.848
佛教慈濟醫療財團法人花蓮慈濟醫院,花蓮縣,花蓮市,中央路三段707號,38561825,310262.39,2654676.93
佛教慈濟醫療財團法人關山慈濟醫院,臺東縣,關山鎮,和平路125之5號,089-814880,267079.447,2550629.138
吳昆哲婦產小兒科醫院,高雄市,前鎮區,民權二路430號,07 3319611,179516.153,2501490.81
宋志懿醫院,彰化縣,二林鎮,大成路一段51號,04-8968707,186142.523,2644160.381
宋俊宏婦幼醫院,桃園市,平鎮區,民族路199號,(03)4020999,271194.58,2760945.02
宏仁醫院,新北市,三重區,水漾路一段一五八號,29788877,298811.7892,2771842.144
宏其醫療社團法人宏其婦幼醫院,桃園市,中壢區,元化路223號,03-4618888,272911.2,2761508.85
宏科醫院,臺南市,善化區,三民路1-35號,06-5818868,176920.72,2558488.72
宏恩醫院龍安分院,臺中市,南區,德富路145巷2號,04-37017188,214960.0696,2668282.858
宏慈療養院,新北市,新店區,安泰路157號,222151177,299288.3449,2759070.127
李綜合醫療社團法人大甲李綜合醫院,臺中市,大甲區,八德街2號,04-26862288,211247.99,2693925.57
李豐病理中心,臺北市,大同區,華陰街59號6樓,,302324.1215,2771366.968
杏豐醫院,臺中市,豐原區,三民路106號,(04)25234112,221587.0088,2683147.167
杏蘊婦產科,桃園市,桃園區,同德六街178號1樓,03-3468252,279908.18,2767505.62
沙爾德聖保祿修女會醫療財團法人聖保祿醫院,桃園市,桃園區,建新街123號,(03)3613141,281549.1,2763832.93
秀傳醫院,臺北市,大安區,光復南路116巷1、3、5號1至4樓及地下1樓,27717172,306190.6225,2770668.348
秀傳醫療財團法人彰濱秀傳紀念醫院,彰化縣,鹿港鎮,鹿工路6號、6-2號,04-7813888,190083.26,2663834.19
邦仁內兒科,臺中市,南區,建成路1691號,04 2870910,216796.3598,2669040.591
亞洲大學附屬醫院,臺中市,霧峰區,福新路222號,04-37061668,218083.5304,2660990.634
佳世達科技股份有限公司附設醫務室,桃園市,龜山區,山鶯路157號,033598800-3900,282883.17,2764541.53
卓醫院,彰化縣,北斗鎮,中山路一段311號,04 8882517,200661.383,2640962.807
協和婦女醫院,臺北市,中山區,松江路85巷5號1234樓、93巷6號124樓,225072222,303874.8004,2771452.238
協和醫院,苗栗縣,苗栗市,中正路1367號,37352631,231490.281,2714982.223
和碩聯合科技股份有限公司附設醫務室,臺北市,北投區,立功街76號5樓,02-81439001＃32056,297306.8905,2779665.488
奇美醫療財團法人佳里奇美醫院,臺南市,佳里區,佳興里佳里興606號,06-7263333,166425.75,2564637.82
奇美醫療財團法人奇美醫院,臺南市,永康區,中華路901號,06-2812811,170245.28,2546776.73
宜蘭仁愛醫療財團法人宜蘭仁愛醫院,宜蘭縣,宜蘭市,中山路二段260號,39355366,326308.5,2738158.456
宜蘭員山醫療財團法人宜蘭員山醫院,宜蘭縣,員山鄉,深溝村尚深路91號,03-9220292,323000.792,2735119.256
宜蘭縣三星鄉衛生所,宜蘭縣,三星鄉,三星路五段七十號,03-9892227,316034.22,2728971.28
宜蘭縣大同鄉衛生所,宜蘭縣,大同鄉,朝陽40號,03-9801175,311616.84,2730233.64
宜蘭縣五結鄉衛生所,宜蘭縣,五結鄉,五結路二段337號,03-9501564,330852.27,2731101.65
宜蘭縣冬山鄉衛生所,宜蘭縣,冬山鄉,中正路十六號,03-594772,330136.58,2725705.69
宜蘭縣壯圍鄉衛生所,宜蘭縣,壯圍鄉,中央路二段290號,03-9385503,329534.557,2737956.097
宜蘭縣宜蘭市衛生所,宜蘭縣,宜蘭市,健康路二段2-2號1樓,03-9322362,326096.15,2737803.41
宜蘭縣南澳鄉衛生所,宜蘭縣,南澳鄉,蘇花路二段375號,03-9981019,331456.69,2706850.57
宜蘭縣員山鄉衛生所,宜蘭縣,員山鄉,復興路2號,03-9221575,323269.231,2737650.026
宜蘭縣頭城鎮衛生所,宜蘭縣,頭城鎮,吉祥路15號,03-9771034,332923.83,2750161.68
宜蘭縣礁溪鄉衛生所,宜蘭縣,礁溪鄉,礁溪路四段126號,03-9882908,327828,2746156
宜蘭縣羅東鎮衛生所,宜蘭縣,羅東鎮,民生路79號,03-9542321,327618.41,2730277.79
宜蘭縣蘇澳鎮衛生所,宜蘭縣,蘇澳鎮,志成路60號,03-9962185,335236.06,2721067.25
忠港醫院,臺中市,梧棲區,文化里中興路49號,04-26580298,202888.5337,2683068.013
怡和醫院,新北市,中和區,連城路49號1至4樓,22450009,300318.8359,2766078.582
怡濟慈園醫療社團法人宏濟神經精神科醫院,新北市,新店區,安忠路57巷5號,(02) 2211-8899,301895.819,2761324.181
承安醫院,桃園市,中壢區,延平路六四三號,(03)2807722,272423.93,2760626.77
明德醫院,臺中市,梧棲區,仁美街33巷50號,04-26579595,202859.6663,2683202.279
東基醫療財團法人台東基督教醫院,臺東縣,臺東市,開封街350號,89323362,264994.339,2518138.095
東華醫院,南投縣,竹山鎮,集山路三段272巷16號,049-2658949,219450.43,2628959.9
東勢區農會附設農民醫院,臺中市,東勢區,豐勢路297號,04-25771919,232689.0341,2683155.379
板新醫院,新北市,板橋區,中正路189號,02 9609955,296066.4917,2767723.297
板橋中興醫院,新北市,板橋區,忠孝路十五號,229590707,296461.4621,2766076.634
板橋榮譽國民之家醫務室,新北市,板橋區,大觀路2段32號(溫馨樓1樓),02 22756053,294971.7603,2765987.193
林森醫院,臺中市,西區,三民里三民路一段一五二號之一,04 22227800,216789.5266,2670138.146
林新醫療社團法人林新醫院,臺中市,南屯區,惠中路3段36號,04-22586688,213435.6301,2671575.651
林新醫療社團法人烏日林新醫院,臺中市,烏日區,榮和路168號,04-23388766,209131.764,2667215.688
林醫院,新竹縣,竹東鎮,東林路76號,35962316,259227.452,2736632.337
法務部矯正署臺中監獄附設培德醫院,臺中市,南屯區,培德路九號,04-23814169,208966.1043,2670880.264
秉坤婦幼醫院,桃園市,平鎮區,延平路二段129號,(03)4025866,271371.44,2760053.8
育仁醫院,雲林縣,西螺鎮,延平路162號,05 5862686,195065.88,2633127.24
花蓮縣玉里鎮衛生所,花蓮縣,玉里鎮,中正路152號,38882046,282202.357,2581570.506
花蓮縣光復鄉衛生所,花蓮縣,光復鄉,大馬村中學街158號,03-8701114,293445.347,2618752.354
花蓮縣吉安鄉衛生所,花蓮縣,吉安鄉,吉安路二段132號,38521113,307378.882,2652237.08
花蓮縣身心健康及成癮防治所,花蓮縣,花蓮市,林森路391號1樓,03-8351885,311685.777,2653177.83
花蓮縣卓溪鄉衛生所,花蓮縣,卓溪鄉,卓溪村中正65號,03-8883977,281103.196,2582629.36
花蓮縣花蓮市衛生所,花蓮縣,花蓮市,新興路200號,03-8323112,312794.89,2654211.89
花蓮縣富里鄉衛生所,花蓮縣,富里鄉,中山路203號,03-8831029,275498.073,2564067.992
花蓮縣新城鄉衛生所,花蓮縣,新城鄉,北埔村北埔路160號,03-8266781,311566.41,2658574.809
花蓮縣瑞穗鄉衛生所,花蓮縣,瑞穗鄉,民生街75號,03-8872045,288703.68,2599678.7
花蓮縣壽豐鄉衛生所,花蓮縣,壽豐鄉,壽豐村公園路28巷10號,38652101,301669.888,2640540.938
花蓮縣鳳林鎮衛生所,花蓮縣,鳳林鎮,公正街8之1號,03-8761116,296012.998,2626897.079
花蓮縣豐濱鄉衛生所,花蓮縣,豐濱鄉,光豐路39號,38791156,303220,2611038
邱外科醫院,高雄市,苓雅區,成功一路137號1-6樓,07 3335131,177739.66,2501846.22
金安心醫院,高雄市,楠梓區,加昌路606號1-4樓,07-3649890,177986.019,2512992.638
金門縣金沙鎮衛生所,金門縣,金沙鎮,汶沙里后浦頭120號,82352854,-12384.467,2711690.953
金門縣金城鎮衛生所,金門縣,金城鎮,民權路一四七號,82325209,-22028.9205,2705981.373
金門縣金湖鎮衛生所,金門縣,金湖鎮,新湖里市港六路15號,082-336662,-11904.696,2705963.392
金門縣金寧鄉衛生所,金門縣,金寧鄉,盤山村仁愛新?2之1號,（082）325735,-20242.9357,2707594.042
金門縣烈嶼鄉衛生所,金門縣,烈嶼鄉,西口村西方6-5號,082-362078,-29973.6784,2706012.25
長安醫院,臺中市,太平區,永平路1段9號,,221513.7796,2669575.456
長庚林小兒科,金門縣,金城鎮,民生路9-4號,(082)373505,-21820.6899,2705676.289
長庚醫療財團法人桃園長庚紀念醫院,桃園市,龜山區,舊路里頂湖路123號、123之1號,03-3196200,287026.36,2769202.71
長庚醫療財團法人高雄長庚紀念醫院,高雄市,鳥松區,大埤路123號,07-7317123,183814.98,2505653.7
長庚醫療財團法人雲林長庚紀念醫院,雲林縣,麥寮鄉,中興村工業路1500號,05-6915151,170345.71,2632559.854
長春醫院,高雄市,楠梓區,右昌街331號1-5樓,07-3612995,176970.239,2512819.182
長慎醫院,桃園市,中壢區,中山東路二段525號1-2樓,03-4569779,274879.12,2760039.38
長榮海運股份有限公司醫務室,臺北市,中山區,民生東路二段166號7樓,225001199,303895.2519,2772278.041
長榮航太科技股份有限公司醫務室,桃園市,大園區,航站南路6號1樓,03-3519451,272581.57,2773311.65
長榮航空股份有限公司醫務室,桃園市,蘆竹區,新南路1段376之1號3樓,3516152,280142.56,2770252.12
信一骨科醫院,臺南市,新營區,民生路43之26號,06-6350035,179186.42,2578361.8
信生醫院,彰化縣,彰化市,三民路312號,04 7251191,203739.64,2664597.27
信安醫療社團法人信安醫院,雲林縣,斗六市,江厝里瓦厝路159號,,200148.35,2618411.5
信義醫療財團法人高雄基督教醫院,高雄市,苓雅區,華新街86號,07 3321111,177669.704,2501708.606
冠華醫院,彰化縣,彰化市,光復里中正路一段437號,47255177,203509.74,2664233.03
南光神經精神科醫院,基隆市,安樂區,基金一路九十一號,02-24310023,322451.574,2781288.839
南投縣中寮鄉衛生所,南投縣,中寮鄉,永平村永昌街102號,049-2691404,226140.31,2641863.69
南投縣仁愛鄉衛生所,南投縣,仁愛鄉,大同村五福巷17號,049-2802341,263663.75,2657721.38
南投縣水里鄉衛生所,南投縣,水里鄉,博愛路205號,049-2770079,234611.68,2634044.82
南投縣名間鄉衛生所,南投縣,名間鄉,中正村彰南路42號,049-2732135,219730.08,2637171.35
南投縣竹山鎮衛生所,南投縣,竹山鎮,公所路126號,49642026,216595.11,2628420.45
南投縣信義鄉衛生所,南投縣,信義鄉,玉山路45號,049-2791148,235184.48,2621422.83
南投縣南投市衛生所,南投縣,南投市,三和一路13號,49223264,218310,2644261
南投縣埔里鎮衛生所,南投縣,埔里鎮,中山路二段256號,492982157,246802.25,2651373.44
南投縣草屯鎮衛生所,南投縣,草屯鎮,草溪路882巷7號,492362023,217508.45,2652099.96
南投縣國姓鄉衛生所,南投縣,國姓鄉,民族街42號,049-2721009,235219.12,2659226.11
南投縣魚池鄉衛生所,南投縣,魚池鄉,魚池街194號,049-2895513,244019.83,2643454.05
南投縣鹿谷鄉衛生所,南投縣,鹿谷鄉,中正路二段20號,49752002,224947.35,2626791.68
南投縣集集鎮衛生所,南投縣,集集鎮,民生路106號,049-2762015,228261.7,2636090.38
南投縣慢性病防治所,南投縣,南投市,三和一路15號,49228471,218284,2644269
南門綜合醫院,新竹市,東區,成功里林森路20號,03-5261122,246934.84,2743871.69
南門醫療社團法人南門醫院,屏東縣,恆春鎮,南門路10號,8.8894568,223711.02,2433674.02
屏東榮民總醫院,屏東縣,屏東市,崇武里榮總東路1號,08-7557885,196118.67,2507021.01
屏東榮民總醫院龍泉分院,屏東縣,內埔鄉,龍潭村昭勝路安平一巷一號,08 7702212,208795.37,2508286.76
屏東縣九如鄉衛生所,屏東縣,九如鄉,九如路二段247號,08 7392006,197535.05,2515141.67
屏東縣三地門鄉衛生所,屏東縣,三地門鄉,三地村行政街4號,08 7991284,214360.21,2512729.04
屏東縣內埔鄉衛生所,屏東縣,內埔鄉,內埔村中興路191號,08 7792414,205693.2,2501428.75
屏東縣竹田鄉衛生所,屏東縣,竹田鄉,竹田村中山路25號,08 7712434,203024.05,2498553.75
屏東縣車城鄉衛生所,屏東縣,車城鄉,福安村福安路2-30號,08 8821300,220325.03,2441322.48
屏東縣里港鄉衛生所,屏東縣,里港鄉,大平村中山路103－1號,08 7751711,198060.32,2519925.51
屏東縣佳冬鄉衛生所,屏東縣,佳冬鄉,六根村佳和路87－1號,08 8662018,203629.68,2479494.7
屏東縣來義鄉衛生所,屏東縣,來義鄉,古樓村中正路90號,02 7850103,212143.47,2491826.19
屏東縣東港鎮衛生所,屏東縣,東港鎮,東津里船頭路5-1號,08 8325310,194254.51,2485051.41
屏東縣枋山鄉衛生所,屏東縣,枋山鄉,枋山村枋山路98號,08-8761150,214207.95,2462899.41
屏東縣枋寮鄉衛生所,屏東縣,枋寮鄉,枋寮村德興路77號,08 8782940,208088.61,2474098.44
屏東縣林邊鄉衛生所,屏東縣,林邊鄉,光林村和平路45號,08 8752076,199529.37,2481371.21
屏東縣長治鄉衛生所,屏東縣,長治鄉,進興村潭頭路3號,08 7368734,201376.07,2508550.24
屏東縣南州鄉衛生所,屏東縣,南州鄉,溪南村人和路239號,08-8642224,198856.5,2487460.97
屏東縣屏東市衛生所,屏東縣,屏東市,北興里中正路419號1樓－2樓,08 7538701,198397.32,2509874.78
屏東縣恆春鎮衛生所,屏東縣,恆春鎮,文化路78號,08 8892140,223863.27,2433936.07
屏東縣春日鄉衛生所,屏東縣,春日鄉,春日路176號,08 8780358,211433.49,2474604.2
屏東縣崁頂鄉衛生所,屏東縣,崁頂鄉,崁頂村興農路29-9號,08 8631454,199316.62,2490625.39
屏東縣琉球鄉衛生所,屏東縣,琉球鄉,本福村中山路51號,08 8612513,185990.93,2472278.47
屏東縣高樹鄉衛生所,屏東縣,高樹鄉,長榮村南昌路12-2號,08 7962026,208354.33,2524085.14
屏東縣新埤鄉衛生所,屏東縣,新埤鄉,新埤村中正路38號,08 7971090,203699.65,2485716.07
屏東縣新園鄉衛生所,屏東縣,新園鄉,仙吉村仙吉路89－2號,08 8681293.8685841,194552.15,2493846.06
屏東縣萬丹鄉衛生所,屏東縣,萬丹鄉,萬丹路一段501號,08 7772049,197414.58,2499521.67
屏東縣萬巒鄉衛生所,屏東縣,萬巒鄉,萬全村褒忠路16號,08 7811794,206247.83,2496951.48
屏東縣滿州鄉衛生所,屏東縣,滿州鄉,滿州村中山路31號,08 8801279,233280.59,2435667.7
屏東縣潮州鎮衛生所,屏東縣,潮州鎮,光華里中山路32號1樓,08 7882131,203069.88,2494525.03
屏東縣霧台鄉衛生所,屏東縣,霧臺鄉,霧台村神山巷68號,08 7902232,221866.82,2516596.56
屏東縣麟洛鄉衛生所,屏東縣,麟洛鄉,麟蹄村中山路156-1號,08 7221152,201438.71,2505722.48
屏東縣鹽埔鄉衛生所,屏東縣,鹽埔鄉,勝利路一八七號,08 7932474,206726.89,2517803.44
屏基醫療財團法人屏東基督教醫院,屏東縣,屏東市,大連路60號,08 7363026,198890.03,2509160.82
建元醫院,彰化縣,田中鎮,中路里中南路三段512號,04-8749747,208180.474,2638832.256
柏仁醫院,高雄市,左營區,博愛二路350號地下1樓至地上1-5樓、340號1樓、326號1樓,07-5508888,178436.37,2507264.03
洪外科醫院,臺南市,中西區,民生路2段60號,06 2240011,167741.18,2543969.27
洪宗鄰醫療社團法人洪宗鄰醫院,彰化縣,二林鎮,中正路61號,04-8967955,185632.983,2643971.207
洪揚醫院,雲林縣,斗六市,忠孝里文化路138號,05 5323039,203991.81,2623075.88
活力得中山脊椎外科醫院,高雄市,前金區,青年二路6號1-3樓,,178161.21,2502352.98
美德中醫醫院,臺南市,北區,正覺里公園路661號,06-2517956,169427.68,2546269.57
美德醫院,臺中市,大甲區,長安路20號,04-23693568,215929.7808,2697915.7
苗栗縣三義鄉衛生所,苗栗縣,三義鄉,復興路45號,37872014,226752.76,2700824.45
苗栗縣三灣鄉衛生所,苗栗縣,三灣鄉,親民路17號,037-831140,245633.54,2727330.03
苗栗縣大湖鄉衛生所,苗栗縣,大湖鄉,中原路87號,037-991034,236402.11,2702014.55
苗栗縣公館鄉衛生所,苗栗縣,公館鄉,大同路75號,37224732,232536.08,2710403.42
苗栗縣竹南鎮衛生所,苗栗縣,竹南鎮,大營路209號,37470152,237101.493,2731196.006
苗栗縣西湖鄉衛生所,苗栗縣,西湖鄉,龍洞村1鄰龍洞16號,037-921211,225452.06,2716820.82
苗栗縣卓蘭鎮衛生所,苗栗縣,卓蘭鎮,老庄里中正路142號,04-25892027,232883.69,2689656.93
苗栗縣南庄鄉衛生所,苗栗縣,南庄鄉,大同路17號,037-822024,249997.87,2721178.79
苗栗縣後龍鎮衛生所,苗栗縣,後龍鎮,大庄里21鄰光華路375號1樓,37722008,228687.424,2722783.632
苗栗縣苑裡鎮衛生所,苗栗縣,苑裡鎮,公民街16號,037-869595,214789.521,2703742.185
苗栗縣苗栗市衛生所,苗栗縣,苗栗市,建民街28號,37277129,232263.151,2717714.804
苗栗縣通霄鎮衛生所,苗栗縣,通霄鎮,通東里23鄰中正路16-2號1~3樓,037-752048,217789.965,2709413.453
苗栗縣銅鑼鄉衛生所,苗栗縣,銅鑼鄉,銅鑼村新興路81號,37981006,229006.61,2708730.54
苗栗縣頭份市衛生所,苗栗縣,頭份市,顯會路72號,037-663049,241468.045,2731498.269
苗栗縣頭屋鄉衛生所,苗栗縣,頭屋鄉,頭屋村中山街54號,037-253534,234837.38,2718835.74
茂盛醫院,臺中市,北屯區,昌平路一段30-6號（1樓至4樓）,04-22347057,218923.851,2673512.92
茂隆骨科醫院,屏東縣,潮州鎮,朝昇路322號,08 7801915,202609.97,2495213.46
迦樂醫療財團法人迦樂醫院,屏東縣,新埤鄉,箕湖村進化路12之200號,0985 652 350,210399.26,2484896.14
重仁骨科醫院,高雄市,前金區,中華三路247號1-6樓,07-2813136,177401.977,2503967.931
重光醫院,苗栗縣,頭份市,中華路1037、1039、1041、1043號,037-663030,240710.811,2731064.732
重安醫院,高雄市,旗山區,大仁街14、16、18、20、22、24、26號,07 66217836618471,197142.933,2531438.078
原祿骨科醫院,高雄市,新興區,中正三路52號,07 2371013,178983.39,2503601.908
員林何醫院,彰化縣,員林市,民族街33號,048 327666,206285.94,2650343.76
員林郭醫院大村分院,彰化縣,大村鄉,田洋橫巷2-9號,04-8539888,203093.572,2654991.083
員郭醫療社團法人員郭醫院,彰化縣,員林市,南興里員林大道6段51號,04-8312889,205493.61,2651489.81
員榮醫療社團法人員榮醫院,彰化縣,員林市,中正路201號,04-8326161,206723.22,2649955.16
埔基醫療財團法人埔里基督教醫院,南投縣,埔里鎮,鐵山路一號,049-2912151,244586.03,2651804.55
家欣牙醫,桃園市,桃園區,經國路205號,33166828,281085.97,2767120.71
恩樺醫院,新北市,土城區,中央路一段7-18號地下1樓、1樓、2樓、4至10樓,(02)22639955,295299.9027,2764876.026
振生醫院,桃園市,桃園區,三民路二段288號,03 3356156,281244.58,2765779.75
振興醫療財團法人振興醫院,臺北市,北投區,振興街45號,228264400,302681.2935,2778898.838
桃園市大園區衛生所,桃園市,大園區,中正西路19號1樓,03 3862024,269722.04,2772809.16
桃園市大溪區衛生所,桃園市,大溪區,仁愛路1號,03 3882401,278843.09,2753013.71
桃園市中壢區衛生所,桃園市,中壢區,溪洲街296號1.2樓,03 4352666,273224.54,2761620.32
桃園市平鎮區衛生所,桃園市,平鎮區,振興路1號,03 4575629,271991.91,2759806.26
桃園市桃園區衛生所,桃園市,桃園區,國豐三街123號4樓,（03）3791888,278132.03,2764722.33
桃園市復興區衛生所,桃園市,復興區,中正路25號,33822325,285481.06,2745340.37
桃園市新屋區衛生所,桃園市,新屋區,新屋里中山路239號,03 4772018,260780.43,2762720.75
桃園市楊梅區衛生所,桃園市,楊梅區,校前路409號1、2樓,03-4750151,265120.92,2754375.79
桃園市龍潭區衛生所,桃園市,龍潭區,中正路210號1至2樓,03 4792033,271880.58,2750736.04
桃園市龜山區衛生所,桃園市,龜山區,自強南路103號,03 3299645,284167.32,2764878.33
桃園市蘆竹區衛生所,桃園市,蘆竹區,長安路二段238號,03 3524732,278295.87,2772792.15
桃園市觀音區衛生所,桃園市,觀音區,觀新路58號,03 4732031,258451.9,2768862.03
桃園秉坤婦幼醫院,桃園市,桃園區,慈文路957號及959號（不含7樓至9樓）,03-3709191,279181.43,2765856.58
桃園榮民之家醫務室,桃園市,八德區,興豐路1217號,03 3681140,281141.48,2759014.7
泰安醫院,臺北市,中山區,民權東路二段92巷2之1號(地下一樓至地上六樓),225375633,303637.5783,2772690.408
泰和醫院,高雄市,橋頭區,成功路101號,07 6111128,179099.798,2517735.577
海天醫療社團法人海天醫院,宜蘭縣,壯圍鄉,古亭路23-9號,03-9308010,331956.81,2741560.54
烏日澄清醫院,臺中市,烏日區,光明路四一九號,04-23376232,214438.3275,2667374.417
益民醫院,新北市,新莊區,中港路127號1-4樓,(02)89911050,295934.8888,2770294.957
祐生醫院,高雄市,三民區,建國三路60號,07-2866688,177649.9,2504367.94
財團法人台灣省私立台中仁愛之家附設靜和醫院,臺中市,西區,吉龍里南屯路1段158號,04 23711129,215384.0488,2669874.094
財團法人台灣省私立台北仁濟院附設仁濟醫院,臺北市,萬華區,廣州街200243號,223021131,300253.5397,2769953.48
財團法人台灣省私立台北仁濟院附設新莊仁濟醫院,新北市,新莊區,中環路1段28號,(02)22015222,294679.2417,2768812.028
財團法人台灣省私立台南仁愛之家附設仁馨醫院,臺南市,新化區,中山路20號,06-5902336,180289.96,2550103.25
財團法人台灣省私立桃園仁愛之家附設苗栗新生醫院,苗栗縣,苗栗市,維新里新東街117號,37320988,231833.232,2716120.98
財團法人台灣省私立桃園仁愛之家附設新竹新生醫院,新竹市,北區,興南里西門街120號,03-5223637,246301.86,2743799.37
財團法人台灣省私立高雄仁愛之家附設慈惠醫院,高雄市,大寮區,鳳屏一路509號,07-7030315,188073.17,2504460.95
財團法人生命連線基金會附設醫務室,臺北市,信義區,忠孝東路5段552號15樓,87585889,308529.6072,2770542.644
財團法人私立高雄醫學大學附設高醫岡山醫院,高雄市,岡山區,捷安路8號地下3樓至2樓、6樓及10樓,07-6261000,178263.26,2519994.21
財團法人銘傳大學附設醫務室,桃園市,龜山區,德明路5號,03-3507001轉3172,284766.46,2764131.52
高大美杏生醫院,高雄市,楠梓區,大學東路1號1-3樓,3658885,177030.88,2514006.63
高柏病理中心,高雄市,左營區,大中二路五六六號一．二樓,07 3590690,179006.453,2509325.068
高雄市三民區第二衛生所,高雄市,三民區,三民街222號2樓,07-2154156,177082.787,2504077.397
高雄市三民區衛生所,高雄市,三民區,鼎山街660號,07 3820492,179733.49,2505668.54
高雄市大社區衛生所,高雄市,大社區,自強街7號,07 3511774,182909.39,2514649.36
高雄市大寮區衛生所,高雄市,大寮區,進學路129巷2-1號,07-7811965,187655.568,2500619.66
高雄市大樹區衛生所,高雄市,大樹區,龍目里龍目路158號,07-6512935,189792.07,2509393.23
高雄市小港區衛生所,高雄市,小港區,小港二街10號,07 8218814,181798.416,2496071.004
高雄市仁武區衛生所,高雄市,仁武區,仁武里地政街23號,07 3711434,183381.127,2511297.714
高雄市內門區衛生所,高雄市,內門區,觀亭里16鄰中埔頭20號,07 6671088,193995.529,2536028.493
高雄市六龜區衛生所,高雄市,六龜區,民治路16號,07 6891244,212409.663,2544145.958
高雄市左營區衛生所,高雄市,左營區,進學路4號1-5樓,07-5817191,177644.162,2510242.105
高雄市永安區衛生所,高雄市,永安區,永安路26號,07 6912015,170483.16,2524426.13
高雄市田寮區衛生所,高雄市,田寮區,南安里崗北路32號,07-6361504,184266.193,2530364.344
高雄市甲仙區衛生所,高雄市,甲仙區,中山路52號,07 6751029,207734.89,2553637.21
高雄市立大同醫院(委託財團法人私立高雄醫學大學經營),高雄市,前金區,中華三路68號,,177757.201,2503150.05
高雄市立小港醫院(委託財團法人私立高雄醫學大學經營),高雄市,小港區,山明里山明路482號B1-10樓、宏光街289號B3-10樓,07 8036783,184530.42,2496528.41
高雄市立中醫醫院,高雄市,苓雅區,凱旋二路132號,7133186,180508.17,2503019.31
高雄市立民生醫院,高雄市,苓雅區,凱旋二路134號,07 7511131,180484.238,2503082.17
高雄市立岡山醫院（委託秀傳醫療社團法人經營）,高雄市,岡山區,壽天路12號,07-6222131,177562.575,2521934.454
高雄市立鳳山醫院（委託長庚醫療財團法人經營）,高雄市,鳳山區,經武路42號、42-1號,07-7418151,184483.79,2503245.52
高雄市立聯合醫院,高雄市,鼓山區,中華一路976號,07-5552565,177205.75,2506246.01
高雄市杉林區衛生所,高雄市,杉林區,山仙路93巷2號,,202693.82,2541803.255
高雄市那瑪夏區衛生所,高雄市,那瑪夏區,瑪雅里6鄰平和巷252號,07 6701142,219538.41,2571655.24
高雄市岡山區衛生所,高雄市,岡山區,公園路50號,07-6212015,177216.32,2521881.05
高雄市林園區衛生所,高雄市,林園區,林園北路186號,07 6412404,187781.08,2489892.765
高雄市阿蓮區衛生所,高雄市,阿蓮區,民生路94-1號,07-6317141,181002.432,2531463.796
高雄市前鎮區衛生所,高雄市,前鎮區,康定路149號,02 8414687,179954.484,2498622.573
高雄市美濃區衛生所,高雄市,美濃區,美中路二四六號,07 6812064,202939.567,2532753.328
高雄市苓雅區衛生所,高雄市,苓雅區,民權一路85號3樓,07-5360559,179290.83,2502565.76
高雄市茄萣區衛生所,高雄市,茄萣區,濱海路二段1號,07 6989275,166404.54,2532113.49
高雄市桃源區衛生所,高雄市,桃源區,南進巷188－1號,6861126,225853.431,2561848.964
高雄市湖內區衛生所,高雄市,湖內區,湖中路203號,07 6993009,170227.619,2534001.408
高雄市新興衛生所,高雄市,新興區,中正三路二十五號四樓,07- 2294121,179063.695,2503532.906
高雄市楠梓區衛生所,高雄市,楠梓區,楠梓路202號1-4樓,07 -3512119,181017.16,2514775.205
高雄市路竹區衛生所,高雄市,路竹區,竹南里國昌路86巷22號,07-6962449,173949.67,2528451.4
高雄市鼓山區衛生所,高雄市,鼓山區,登山街16號,07 5315753,175366.914,2502782.914
高雄市旗山區衛生所,高雄市,旗山區,湄洲里中正路197號,07 6612054,196638.412,2532173.743
高雄市旗津區衛生所,高雄市,旗津區,旗津三路2號1F,07- 5712820,176436.72,2499104.77
高雄市鳳山區衛生所,高雄市,鳳山區,經武路34巷2號,07-7430437,184523.103,2503144.395
高雄市橋頭區衛生所,高雄市,橋頭區,橋頭里隆豐路5號,07-6113516,178672.56,2517576
高雄市燕巢區衛生所,高雄市,燕巢區,南燕里中興路2號,07-6161148,184461.955,2521506.435
高雄市彌陀區衛生所,高雄市,彌陀區,彌仁里中華路一巷五弄一號,07 6175307,173050.407,2520354.743
高雄防癌醫療財團法人,高雄市,前金區,中華三路七十七之一號九樓之一,07-2218821轉13,177685.989,2503144.906
高雄榮民總醫院,高雄市,左營區,大中一路386號,07 3422121,180357.98,2508753.116
高雄榮民總醫院臺南分院,臺南市,永康區,復興路427號,06-3125101,172119.88,2544176.74
高新醫院,高雄市,路竹區,中山路627號地下2層至地上4層,07 6975903,173772.71,2529576.95
健新醫院,高雄市,前金區,七賢二路295號B1至7樓、297號1樓,07 2613866,177104.651,2503632.924
國仁醫院,屏東縣,屏東市,民生東路12-2號,08 7223000,200114.9,2506527.7
國仁醫院附設高樹門診部,屏東縣,高樹鄉,高樹村南興路63號1樓與65號1樓,08-7967923,209115.72,2524714.99
國立中山大學附設醫務室,高雄市,鼓山區,蓮海路70號東1003室,07-5250115,174548.157,2503106.93
國立台灣大學保健中心,臺北市,大安區,羅斯福路四段1號,223638190,303864.8368,2767764.512
國立台灣大學醫學院附設醫院,臺北市,中正區,中山南路7、8號；常德街1號,02 23123456,302326.4088,2770394.198
國立成功大學醫學院附設醫院,臺南市,北區,勝利路138號,06-2353535,169961.01,2544740.99
國立成功大學醫學院附設醫院斗六分院,雲林縣,斗六市,莊敬路345號,05-5322017,203665.367,2622220.555
國立陽明交通大學附設醫院,宜蘭縣,宜蘭市,校舍路169號,03-9325192,326666,2738305.67
國立臺灣大學醫學院附設醫院兒童醫院,臺北市,中正區,中山南路8號,23123456,302344.3386,2770789.416
國立臺灣大學醫學院附設醫院金山分院,新北市,金山區,五湖里玉爐路7號,24989898,313312.7547,2790234.641
國立臺灣大學醫學院附設醫院雲林分院,雲林縣,斗六市,雲林路二段579號,05-5323911,201654.91,2621621.08
國立臺灣大學醫學院附設醫院新竹臺大分院生醫醫院,新竹縣,竹北市,生醫路一段2號,(03)6677600,254450.3,2744224.2
國立臺灣大學醫學院附設醫院新竹臺大分院新竹醫院,新竹市,北區,金華里經國路一段442巷25號,03-5326151,248040.4,2745383.73
國立臺灣大學醫學院附設醫院癌醫中心分院,臺北市,大安區,基隆路3段155巷57號,02-23220322,304897.0119,2767493.338
國防部軍備局生產製造中心第二０五廠溪埔廠區醫務室,高雄市,大樹區,興田里興田路35號,07 6563667,192789.19,2514918.06
國防部軍備局生產製造中心第二０五廠醫務所,高雄市,前鎮區,中山三路98號,07 3321695,179578.81,2499927.75
國軍台北門診中心附設民眾診療服務處,臺北市,中正區,紹興南街7號,23912630,302875.6673,2770323.974
國軍左營總醫院附設民眾診療服務處,高雄市,左營區,軍校路553號,07 5811648,177284.546,2511276.137
國軍花蓮總醫院附設民眾診療服務處,花蓮縣,新城鄉,嘉里路163號,03-8263151,311786.947,2657861.941
國軍桃園總醫院附設民眾診療服務處,桃園市,龍潭區,中興路168號,(03)2623301,273840.14,2752180.77
國軍退除役官兵輔導委員會中彰榮譽國民之家醫務室,彰化縣,彰化市,桃源里公園路2段301號,04-7250707,205779.16,2662888.28
國軍退除役官兵輔導委員會岡山榮譽國民之家醫務室,高雄市,燕巢區,成功路1號,07 6160110,184503.88,2520763.32
國軍退除役官兵輔導委員會花蓮榮譽國民之家醫務所,花蓮縣,花蓮市,府前路29號,03-8223111,312892.95,2655354.56
國軍退除役官兵輔導委員會馬蘭榮譽國民之家醫務室,臺東縣,臺東市,更生路1010號,089-222417轉315,263505.17,2519146.11
國軍退除役官兵輔導委員會高雄榮譽國民之家醫務室,高雄市,楠梓區,加昌路631號,07-3652828-3007,178332.447,2513047.944
國軍退除役官兵輔導委員會雲林榮譽國民之家附設醫務室,雲林縣,斗六市,林頭里榮譽路160-1號,05 5324100,205157.41,2622275.57
國軍退除役官兵輔導委員會彰化榮譽國民之家醫務室,彰化縣,田中鎮,碧峰里中南路2段421號,04─8747647,209861.373,2638701.167
國軍高雄門診中心附設民眾診療服務處,高雄市,前鎮區,光華二路51號,07 3344003,179762.186,2501251.603
國軍高雄總醫院岡山分院附設民眾診療服務處,高雄市,岡山區,大義二路1號,07-6252281,176678.93,2521146.24
國軍高雄總醫院附設民眾診療服務處,高雄市,苓雅區,建軍路5號,07 7496751,182355.03,2503025.47
國軍高雄總醫院屏東分院附設民眾診療服務處,屏東縣,屏東市,大湖路58巷22號,08 7560756,197328.82,2503791.46
國軍臺中總醫院中清分院附設民眾診療服務處,臺中市,北區,忠明路500號,04 22037320,216670.6404,2672962.293
國軍臺中總醫院附設民眾診療服務處,臺中市,太平區,中山路二段348號,04-23934191,222572.05,2671751.97
國泰醫療財團法人汐止國泰綜合醫院,新北市,汐止區,建成路59巷2號地下4樓至地上12樓,26482121,316691.4042,2774012.124
國泰醫療財團法人國泰綜合醫院,臺北市,大安區,仁愛路四段266巷6號280號,227082121,305783.5296,2770009.419
培靈醫院,臺北市,松山區,八德路四段355號,227606116,307340.0454,2771369.681
培靈醫療社團法人關西醫院,新竹縣,關西鎮,新富里11鄰石門33-1號,35476399,269223.28,2738845.2
基隆市七堵區衛生所,基隆市,七堵區,光明路21號1樓之1、2樓,(02)24562008,322199.576,2776763.574
基隆市中山區衛生所,基隆市,中山區,中山二路15號,(02)24229860,324690.416,2781183.187
基隆市中正區衛生所,基隆市,中正區,中正路236號2樓,(02)24621632,326545,2781604.2
基隆市仁愛區衛生所,基隆市,仁愛區,光一路26號,(02)24311592,324302.95,2779853.87
基隆市立慢性病防治所,基隆市,信義區,信二路266號(1F),(02)24283844,325539.5,2780406.54
基隆市立醫院,基隆市,信義區,東信路282號,02 24652141,326839.601,2780348.721
基隆市安樂區衛生所,基隆市,安樂區,安樂路二段164號1樓前棟,(02)24318061,322929.9,2779378.53
基隆市信義區衛生所,基隆市,信義區,信一路69號,(02)24221633,325817.023,2780232.002
基隆市暖暖區衛生所,基隆市,暖暖區,暖暖街281巷98號,(02)24572630,324288.254,2776941.969
基督復臨安息日會醫療財團法人臺安醫院,臺北市,松山區,八德路二段424426號,227718151,305221.1856,2771211.693
崙背鄉衛生所,雲林縣,崙背鄉,南陽村南光路34號,05 6962009,184065.155,2628573.408
常春醫院,彰化縣,員林市,溝皂里員集路二段501號,04-8376689,206765.84,2649299.97
康寧醫療財團法人康寧醫院,臺北市,內湖區,成功路五段420巷26號,26345500,311413.0858,2774328.426
張小兒科,花蓮縣,花蓮市,博愛街239號﹛,03-8326693,311470.44,2652958.44
張晉榮耳鼻喉科,彰化縣,員林市,員水路二段578號,04 8320526,206828.39,2650285.3
敏盛綜合醫院,桃園市,桃園區,經國路168號,03-3179599,280901.19,2767619.31
梓榮醫療社團法人弘大醫院,苗栗縣,苗栗市,新東街125號,361188,231863.295,2716115.905
清泉醫院,臺中市,大雅區,三和里雅潭路四段80號,04-25605600,216122.7486,2679089.711
清海醫院,臺中市,石岡區,金星里石岡街下坑巷四十一之二號,04-25721694,227066.116,2682865.204
清福醫院,新北市,三峽區,介壽路一段286號2樓,(02)26739288,288397.9252,2757970.958
清濱醫院,臺中市,清水區,港埠路四段195號,04-26283595,204203.4263,2686452.968
祥恩醫院,臺中市,豐原區,中興路35號,04 25255522,221326.8748,2682533.91
祥顥醫院,新北市,新莊區,思源路2號1、4、5、6樓,22798795,296502.3941,2770138.965
第一醫院,臺中市,中區,民族路一八四號,04-22221122,217116.9527,2670842.254
通霄光田醫院,苗栗縣,通霄鎮,中山路88號,037-759999,217402.296,2709218.091
連江縣立醫院,連江縣,南竿鄉,復興村217號,83625114,144943.6517,2894789.675
連江縣東引鄉衛生所,連江縣,東引鄉,中柳村123號,83677206,199148.239,2917304.194
連江縣莒光鄉西莒衛生所,連江縣,莒光鄉,青帆村14-1號,83689122,143207.5312,2873793.585
連江縣莒光鄉東莒衛生所,連江縣,莒光鄉,大坪村30之1號,0836-89038,147163.2118,2872644.476
郭綜合醫院,臺南市,中西區,民生路2段6.8.10.12.14.18.20.22.23.24.25.27.44號及40、42號1、2樓,06-2221111,167786.37,2543954.45
陳大洲耳鼻喉科,高雄市,鼓山區,中華一路10號一樓,07 5873653,176737.568,2507720.042
陳澤彥婦產科醫院,臺南市,北區,中華北路二段101號1、2、3樓,06-3505000,167833.69,2546698.56
勝美醫院,臺中市,北區,五權路480、482號,04-22013333,217768.3963,2672021.162
博仁綜合醫院,臺北市,松山區,光復北路66號、68號地下一層、68號、68號2至7樓、68號2樓之1至7樓之1、68號2樓之2至7樓之2,225786677,306271.5385,2771438.238
博田國際醫院,高雄市,左營區,博愛二路100號,07-5562217,178407.254,2506595.402
博愛外科醫院,臺中市,北屯區,文心路三段四三一號,04-22954722,216261.6307,2674278.384
博愛蕙馨醫院,高雄市,左營區,博愛二路20號1-7樓,07-8628880,178415.45,2506451.613
復興醫療社團法人復興醫院,屏東縣,屏東市,橋南里民生路147-3號及147-2號,08-7232323,198184.75,2507665.75
惠川醫院,高雄市,岡山區,岡山路92號,07-6229292,177798.78,2520978.27
惠仁醫院,高雄市,新興區,中山一路67之2號,07 2010196,178196.63,2503465.911
惠來醫療社團法人宏仁醫院,彰化縣,員林市,惠來里惠來街89號,,206265.21,2650135.46
惠和醫院,南投縣,草屯鎮,平等街140號,049-2321188,218043.09,2653368.34
惠盛醫院,臺中市,豐原區,中正路268號,425229100,221183.6791,2682933.649
敦仁醫院,彰化縣,員林市,員水路一段102巷74弄99號,04-7071727,209761.13,2649704.67
曾漢棋綜合醫院,南投縣,草屯鎮,虎山路915號,049-2314149,218020.73,2652684.28
皓生醫院,彰化縣,員林市,萬年路3段133號,,206596.94,2650565.44
童綜合醫療社團法人童綜合醫院,臺中市,梧棲區,臺灣大道八段699號,04-26581919,203542.8263,2682485.969
華揚醫院,桃園市,中壢區,中北路二段316號,03-4577200,273223.29,2760607.7
郵政醫院（委託中英醫療社團法人經營）,臺北市,中正區,福州街14號,02-23956755,302345.6705,2769062.072
鈞安婦幼聯合醫院,高雄市,左營區,華夏路609號地下1層至地上6層,07-3480088,178141.34,2508628.05
開元寺慈愛醫院,臺南市,北區,北園街89之1號,2384111,170343.13,2545682.11
陽光精神科醫院,臺中市,清水區,大楊南街98號,04-26202949,210329.2385,2686213.442
陽明醫院,桃園市,平鎮區,延平路二段五十六號,03- 4929929,271438.9,2760265.22
陽明醫院,嘉義市,東區,吳鳳北路252號,05-2284567,194145.078,2597605.872
雲林縣口湖鄉衛生所,雲林縣,口湖鄉,湖東村中正路1段114號,05 7892004,166890.137,2609002.472
雲林縣土庫鎮衛生所,雲林縣,土庫鎮,忠正里中山路254號,05 6622638,188056.791,2619532.297
雲林縣大埤鄉衛生所,雲林縣,大埤鄉,北和村中山路4號,05 5912214,192055.46,2615896.02
雲林縣元長鄉衛生所,雲林縣,元長鄉,長南村元中路8號,05 7882004,180049.045,2616418.535
雲林縣斗六市衛生所,雲林縣,斗六市,鎮西里公園路75號,55322226,201775.35,2621629.58
雲林縣斗南鎮衛生所,雲林縣,斗南鎮,福德街153號,55973329,196853.142,2619585.847
雲林縣水林鄉衛生所,雲林縣,水林鄉,水北村水林路8號,57852612,173068.219,2607903.002
雲林縣北港鎮衛生所,雲林縣,北港鎮,北辰路3號,05-7832103,178822.123,2608278.884
雲林縣古坑鄉衛生所,雲林縣,古坑鄉,西平村中山路391號,05 5821132,205106.14,2616786.23
雲林縣四湖鄉衛生所,雲林縣,四湖鄉,施湖村中山西路86、118號,05 7872890,170594.384,2615132.448
雲林縣西螺鎮衛生所,雲林縣,西螺鎮,福興里修文路110號,05 5862130,194941.77,2633208.69
雲林縣東勢鄉衛生所,雲林縣,東勢鄉,東南村懷恩街40號,05 6991190,173764.844,2619460.777
雲林縣林內鄉衛生所,雲林縣,虎尾鎮,林中村新興路54號,05 5896747,192395.58,2622863
雲林縣虎尾鎮衛生所,雲林縣,虎尾鎮,明正路11號,56322211,192255.75,2623532.11
雲林縣麥寮鄉衛生所,雲林縣,麥寮鄉,光復路4號,05 6932268,174160.919,2627190.695
雲林縣莿桐鄉衛生所,雲林縣,莿桐鄉,莿桐村和平路53－2號,05 5842575,199249.99,2628657.51
雲林縣臺西鄉衛生所,雲林縣,臺西鄉,台西村民生路36號,05 6982148,168367.891,2621935.183
雲林縣褒忠鄉衛生所,雲林縣,褒忠鄉,中勝村添財街21號,05 6972004,179036.676,2621249.085
順安醫院,臺中市,大甲區,光明路6號,04-26862328,212007.96,2693139.19
順安醫院,彰化縣,彰化市,光復路53號,04 7229889,203630.83,2664036.94
黃甫彥婦產科,苗栗縣,竹南鎮,延平路27之11號,037-476247,237532.021,2731011.684
黃國樑小兒科,花蓮縣,花蓮市,中福路186號,03-8343959,311161.653,2652225.131
微星科技股份有限公司附設醫務室,新北市,中和區,板南路488號6樓,232345599,299168.5263,2766639.537
愛仁醫療社團法人愛仁醫院,高雄市,三民區,民族一路45號1樓至4樓及49、51號1樓至4樓,07-3115159,179473.43,2504768.93
新中興醫院,新竹市,北區,興南街43號,03-5213163,246245.64,2743827.51
新仁醫院,新竹縣,竹北市,博愛街331號,03-5552039,250796.603,2747572.745
新太平澄清醫院,臺中市,太平區,中興路100號,04-22789900,221073.1644,2669148.128
新北仁康醫院,新北市,新店區,安康路二段323號地上1至2樓(B棟),(02)22152345,300453.3205,2760946.137
新北市八里區衛生所,新北市,八里區,舊城路16號,02 26012137,290334.2059,2782130.068
新北市三芝區衛生所,新北市,三芝區,中山路一段12號,02 6362007,300440.2113,2794493.862
新北市三重區衛生所,新北市,三重區,新北大道1段1號,02 29825233,299576.9296,2772645.386
新北市三峽區衛生所,新北市,三峽區,光明路71號3樓,02 26711592,287988.6676,2757888.156
新北市土城區衛生所,新北市,土城區,和平路26號1、2樓,02 2606675,294745.6076,2762844.293
新北市中和區衛生所,新北市,中和區,南山路4巷3號,02 2491936,300636.2516,2765726.379
新北市五股區衛生所,新北市,五股區,新城三路11號1樓、2樓及3樓,02 2917717,295150.4024,2776290.268
新北市平溪區衛生所,新北市,平溪區,公園街17號1樓,02 4951015,324397.8833,2768713.694
新北市永和區衛生所,新北市,永和區,秀朗路一段137號1、2、3樓,32332780,302106.8031,2766427.368
新北市石門區衛生所,新北市,石門區,中山路28-1號,02 6429640,306995.2329,2798037.554
新北市石碇區衛生所,新北市,石碇區,潭邊里碇坪路1段82號,02 6631325,316384.7399,2764980.302
新北市立土城醫院(委託長庚醫療財團法人興建經營),新北市,土城區,金城路二段6號,222630588,295303.7312,2763242.566
新北市立聯合醫院,新北市,三重區,新北大道1段3號、3之1號,(02)29829111,299456.8523,2772639.095
新北市汐止區衛生所,新北市,汐止區,新台五路一段266號地下1樓、地上1至4樓,(02) 2641-2030,316439.174,2772974.135
新北市坪林區衛生所,新北市,坪林區,坪林街104號,02 6656272,321869.9628,2758863.362
新北市板橋區衛生所,新北市,板橋區,英士路192號,02 22586606,296255.2552,2768438.396
新北市林口區衛生所,新北市,林口區,忠孝二路55號1-2樓,226011005,286727.3604,2773550.894
新北市金山區衛生所,新北市,金山區,民生路59號,02 4982778,314601.0465,2790348.181
新北市泰山區衛生所,新北市,泰山區,全興路212號3樓,(02)29092909,293753.3321,2772064.836
新北市烏來區衛生所,新北市,烏來區,新烏路五段109號,02 26617200,305370.5537,2751707.722
新北市貢寮區衛生所,新北市,貢寮區,仁愛路128號,24901431,343590.2118,2772185.398
新北市淡水區衛生所,新北市,淡水區,中山路158號,02 26215620,294436.6063,2784987.674
新北市深坑區衛生所,新北市,深坑區,深坑街165號1-3樓,26621567,311840.5018,2766021.183
新北市新店區衛生所,新北市,新店區,北新路一段86號12樓,229113984,304690.8962,2762302.964
新北市新莊區衛生所,新北市,新莊區,中華路1段2號1∼4樓,02 29967123,295636.71,2769886.566
新北市瑞芳區衛生所,新北市,瑞芳區,明燈路三段1號,(02)  24972132,331595.5029,2777914.689
新北市樹林區衛生所,新北市,樹林區,樹新路40-7號1樓、2樓,(02)26812134,293256.8376,2765418.385
新北市雙溪區衛生所,新北市,雙溪區,新基南街18號,02 24931210,337434.7387,2770257.164
新北市蘆洲區衛生所,新北市,蘆洲區,中央路58號,02 22811461,297741.1357,2775161.066
新北市鶯歌區衛生所,新北市,鶯歌區,文化路389號,26702304,285602.2442,2760324.053
新正薪醫院,高雄市,前鎮區,一心一路233號1-4樓,9705335,179842.622,2501022.959
新永和醫院,桃園市,平鎮區,延平路一段81號,03 4220606,272170.38,2760420.43
新竹市北區衛生所,新竹市,北區,國華街六十九號一樓,03-5353969,246997.69,2745438.68
新竹市立馬偕兒童醫院(委託台灣基督長老教會馬偕醫療財團法人興建經營),新竹市,東區,建功里建功二路28號,03-5719999,250295.9,2743310.87
新竹市東區衛生所,新竹市,東區,民族路四○之二號,03-5236174、5236158,247154.69,2743909.37
新竹市香山衛生所,新竹市,香山區,牛埔里育德街188號2樓,(03) 5302603、5388109,244194.18,2743008.73
新竹榮民之家醫務室,新竹市,北區,崧嶺路57巷41號,03-5213292#605,245417.71,2742910.54
新竹縣北埔鄉衛生所,新竹縣,北埔鄉,北埔街90號,03-5802304,255617.14,2732612.09
新竹縣竹北市衛生所,新竹縣,竹北市,光明二街89號,03-5533381,250682.76,2747188.263
新竹縣竹東鎮衛生所,新竹縣,竹東鎮,中正路221號,03-5946170,259393.503,2736538.713
新竹縣芎林鄉衛生所,新竹縣,芎林鄉,文山路532號,03-5924787,257865.747,2741124.811
新竹縣湖口鄉衛生所,新竹縣,湖口鄉,達生路506號,03-5991654,254767.83,2754346.98
新竹縣新埔鎮衛生所,新竹縣,新埔鎮,田新里福德街535號,03-5882017,257391.16,2746523.19
新竹縣新豐鄉衛生所,新竹縣,新豐鄉,重興村萃豐路21號,35591150,248798.27,2754692.06
新竹縣橫山鄉衛生所,新竹縣,橫山鄉,大肚村3鄰新興街141巷10號,35932004,264090.9,2734502.06
新竹縣關西鎮衛生所,新竹縣,關西鎮,中山路207號,03-5872454,267449.809,2742715.499
新竹縣寶山鄉衛生所,新竹縣,寶山鄉,雙溪村7鄰雙園路二段273號,03-5203054,249480.05,2739960.32
新亞東婦產科醫院,臺中市,北區,中清路一段403號、407號1樓,04 22075779,216873.4033,2673193.269
新昆明醫院,基隆市,中正區,中正路三十號,,325062.38,2780743.76
新柏氏病理中心,新北市,中和區,中山路二段348巷8號5樓,22467799,299767.8168,2766200.54
新泰綜合醫院,新北市,新莊區,新樹路176號,,293832.175,2768236.277
新高鳳醫院,高雄市,鳳山區,光遠路360號1~7樓,07-7472320,184087.53,2503040.69
新高醫院,高雄市,三民區,莊敬路288號1-9樓,07-3852336,179932.883,2505686.959
新國民醫療社團法人新國民醫院,桃園市,中壢區,復興路152號,03-4225180,272575.65,2760715.74
新莊英仁醫院,新北市,新莊區,大觀街46－2號,02 9916363,295794.7062,2769820.801
新惠生醫院,臺中市,豐原區,圓環北路一段319號,04-25228792,221521.43,2683686.91
新菩提醫院,臺中市,大里區,中興路二段619、621號,04-24829966,218409.7063,2667819.929
新華醫院,高雄市,新興區,七賢二路97號地上1至4層,07-2876080,177885.29,2503909.02
新興醫療社團法人新興醫院,臺南市,新營區,中興路10號,06-6330011,180126.42,2578073.12
溪洲醫院,高雄市,旗山區,延平一路412、408號,07-6621985,196976.107,2532519.729
溫賀睿和醫院,高雄市,路竹區,延平路57號地上1樓至地上5樓,07 6963322,173925.71,2528746.77
瑞生醫院,高雄市,大寮區,鳳林四路192號,77838843,186765.02,2502080.54
瑞芳礦工醫院,新北市,瑞芳區,一坑路71之2號,24974101,330901.3773,2778046.964
瑞祥醫院,高雄市,前鎮區,班超路92號1-7樓,7717503,180600.011,2500465.911
義大醫療財團法人義大醫院,高雄市,燕巢區,角宿里義大路1號,07-6150011,184735.44,2518459.04
道安醫院,彰化縣,溪湖鎮,光平里彰水路3段362號,04-8852309,197098.257,2650861.527
達明眼科醫院,臺中市,大里區,中興路二段490號,04-24851437,218494,2667393.93
嘉義市西區衛生所,嘉義市,西區,福全里德明路1號,05 2223640,191897.526,2597545.928
嘉義市東區衛生所,嘉義市,東區,東川里大雅路2段625號,05-2750423,195481.7,2597188.88
嘉義縣大林鎮衛生所,嘉義縣,大林鎮,平林里中山路252號,05 2652042,194459.28,2611581.8
嘉義縣大埔鄉衛生所,嘉義縣,大埔鄉,大埔村53－1號,05 2521214,208346.16,2576894.81
嘉義縣中埔鄉衛生所,嘉義縣,中埔鄉,中埔村中正路6號1、2樓,05 2531008,201347.7,2591252.37
嘉義縣六腳鄉衛生所,嘉義縣,六腳鄉,蒜頭村15鄰蒜頭73-1號,05 3802016,177549.73,2599034.8
嘉義縣水上鄉衛生所,嘉義縣,水上鄉,水上村正義路一四五號,05 2682059,188450.7,2591835.68
嘉義縣民雄鄉衛生所,嘉義縣,民雄鄉,中樂村文化路7之2號,05 2262018,191689.23,2605487.91
嘉義縣朴子市衛生所,嘉義縣,朴子市,安福里光復路四○號,05 3792073,173102.51,2595872.52
嘉義縣竹崎鄉衛生所,嘉義縣,竹崎鄉,竹崎村文化路19之1號,05 2611264,204254.01,2602105.11
嘉義縣梅山鄉衛生所,嘉義縣,梅山鄉,華山路18號,05 2621049,204627.67,2609289.8
嘉義縣鹿草鄉衛生所,嘉義縣,鹿草鄉,西井村12鄰長壽路226巷2號,05 3750300,179313.42,2589957.45
嘉義縣番路鄉衛生所,嘉義縣,番路鄉,下坑村菜公店60號,05 2591148,204413.27,2595645.62
嘉義縣新港鄉衛生所,嘉義縣,新港鄉,宮後村嘉民北路5號,05 3742025,183967.53,2606253.86
嘉義縣溪口鄉衛生所,嘉義縣,溪口鄉,溪北村二鄰中山路1號,05 2691046,188248.42,2611566.11
嘉義縣義竹鄉衛生所,嘉義縣,義竹鄉,仁里村義竹422號之1,05 3412032,172594.89,2581824.44
彰化基督教醫療財團法人南投基督教醫院,南投縣,南投市,中興路870號,049-2225535,217811,2643855
彰化基督教醫療財團法人員林基督教醫院,彰化縣,員林市,南平里莒光路456號,04-8381456,205928.19,2650965.48
彰化基督教醫療財團法人鹿港基督教醫院,彰化縣,鹿港鎮,中正路480號,04-7779595,192868.79,2661824.14
彰化基督教醫療財團法人雲林基督教醫院,雲林縣,西螺鎮,新豐里市場南路371、375號,05-5871111,193051.03,2630906.17
彰化基督教醫療財團法人漢銘基督教醫院,彰化縣,彰化市,南興里中山路一段366號,04-7113456,202791.98,2661889.95
彰化縣二水鄉衛生所,彰化縣,二水鄉,過圳路19號,04 8790382,210826.806,2634235.23
彰化縣二林鎮衛生所,彰化縣,二林鎮,大成路一段115號1樓,04 8960035   總面積：157.55,186134.68,2644019.1
彰化縣大村鄉衛生所,彰化縣,大村鄉,大村村中正西路340號,04 8520513,203904.736,2654381.938
彰化縣大城鄉衛生所,彰化縣,大城鄉,大城村中平路126號,04-8941323   總面積:144.84,180807.23,2638943.731
彰化縣北斗鎮衛生所,彰化縣,北斗鎮,地政路406巷17號,04 8882059,201616.011,2641276.926
彰化縣永靖鄉衛生所,彰化縣,永靖鄉,西興路91號,04-8221057,203952.119,2646794.853
彰化縣田中鎮衛生所,彰化縣,田中鎮,西路里斗中路一段222號,04 8742053,207277.24,2639750.017
彰化縣田尾鄉衛生所,彰化縣,田尾鄉,光復路二段608號,04 8833658；04-8832145,202440.597,2642918.448
彰化縣竹塘鄉衛生所,彰化縣,竹塘鄉,竹元村東陽路一段58之1號,04 8972009   總面積:157.55,191317.306,2639533.268
彰化縣伸港鄉衛生所,彰化縣,伸港鄉,大同村中興路2段197號,04 7982034,197727.46,2672756.91
彰化縣秀水鄉衛生所,彰化縣,秀水鄉,中山路288號,04 7693001,199474.988,2659026.061
彰化縣和美鎮衛生所,彰化縣,和美鎮,彰美路五段319號,04-7552744   總面積:157.55,199108.69,2667387.64
彰化縣社頭鄉衛生所,彰化縣,社頭鄉,社頭村員集路2段409號,04 8732038,207854.33,2644222.16
彰化縣芬園鄉衛生所,彰化縣,芬園鄉,社口村公園一街十一號,49522904,212413.77,2656633.02
彰化縣花壇鄉衛生所,彰化縣,花壇鄉,中正路11號,04-7862035   總面積:459,204092.23,2658214.7
彰化縣芳苑鄉衛生所,彰化縣,芳苑鄉,芳苑村斗苑路芳苑段210巷8號1樓、2樓,04 8983134,180823.16,2646883.74
彰化縣員林市衛生所,彰化縣,員林市,博愛路229號,04 8320315,206490.39,2650890.39
彰化縣埔心鄉衛生所,彰化縣,埔心鄉,員鹿路二段340號,04 8294611,203575.384,2649891.665
彰化縣埔鹽鄉衛生所,彰化縣,埔鹽鄉,員鹿路二段58號,04 8653596  總面積:151.94,195390.607,2655166.17
彰化縣埤頭鄉衛生所,彰化縣,埤頭鄉,合興村健安街119號,04 8922445,194736.51,2643489.616
彰化縣鹿港鎮衛生所,彰化縣,鹿港鎮,順興里復興路425號1、2樓,04-7772309,192550.21,2661629.04
彰化縣溪州鄉衛生所,彰化縣,溪州鄉,尾厝村溪下路4段570號,04 8895023,198910.03,2638655.34
彰化縣溪湖鎮衛生所,彰化縣,溪湖鎮,青雅路36號,04 8852071,197430.453,2651349.208
彰化縣彰化市東區衛生所,彰化縣,彰化市,香山里彰南路2段346巷31弄26號,04 7381647,207969.13,2664149.11
彰化縣彰化市南西北區衛生所,彰化縣,彰化市,華北里旭光路166號,04-7222571  總面積:355.03,203866.06,2663173.2
彰化縣線西鄉衛生所,彰化縣,線西鄉,寓埔村和線路957巷6號,04 7585201,196176.37,2669559.05
慈祐醫院,苗栗縣,竹南鎮,民治街17號,037-474029,237718.776,2730868.237
漢忠醫院,臺中市,豐原區,中正路218號、212巷1-1號,(04)25222209,221338.73,2682958.04
維新醫療社團法人台中維新醫院,臺中市,北區,育德路185、187號,04-22038585,216689.5442,2672464.935
維德醫療社團法人基隆維德醫院,基隆市,中正區,調和街210號,,330575.271,2780464.656
維馨乳房外科醫院,高雄市,左營區,立信路246號,07-5578188,178511.6,2507653.54
臺中市大甲區衛生所,臺中市,大甲區,德興路81號,04-26872153,211896.1688,2693857.913
臺中市大安區衛生所,臺中市,大安區,中山南路333號,04-2671-3681,208017.071,2693416.483
臺中市大肚區衛生所,臺中市,大肚區,榮華街1號,04-26992111,203741.246,2672274.406
臺中市大里區衛生所,臺中市,大里區,大衛路82號,04-24061500,217378.68,2665873.98
臺中市大雅區衛生所,臺中市,大雅區,中清東路232號,04-25661091,214130.024,2679980.7
臺中市中西區衛生所,臺中市,西區,民權路105號,04-22223811,217064.4654,2670692.628
臺中市太平區衛生所,臺中市,太平區,中山路一段213?1號,04-23938083,222819.13,2670013.41
臺中市北區衛生所,臺中市,北區,永興街301號4樓,04-22359182,217711.5182,2673448.637
臺中市外埔區衛生所,臺中市,外埔區,甲后路三段1062號,04-26833208,214703.43,2691956.22
臺中市石岡區衛生所,臺中市,石岡區,石岡街6號,04-25721887,227418.459,2685609.329
臺中市后里區衛生所,臺中市,后里區,公安路86號,04-25562048,220601.1139,2688851.64
臺中市西屯區衛生所,臺中市,西屯區,西屯路二段299號,04-2702-3649,213462.5594,2674884.565
臺中市沙鹿區衛生所,臺中市,沙鹿區,文昌街20號,04-26625040,205527.59,2681281.17
臺中市和平區梨山衛生所,臺中市,和平區,梨山里中正路12號1樓、68號1樓,04-25989540,276314.125,2683485.866
臺中市和平區衛生所,臺中市,和平區,南勢里東關路3段132號,04-25942781,238681.2109,2674309.452
臺中市東勢區衛生所,臺中市,東勢區,豊勢路490號,04-25873872,232571.9883,2683560.579
臺中市南屯區衛生所,臺中市,南屯區,向心南路811號1樓,04-23827640,213760.3893,2669932.708
臺中市南區衛生所,臺中市,南區,工學路72號2樓,04-22629735,215824.6317,2668031.528
臺中市烏日區衛生所,臺中市,烏日區,烏日里長樂街136號,04-23381027,211815.584,2666714.577
臺中市神岡區衛生所,臺中市,神岡區,神岡路2號,04-25622792,215763.19,2683652.21
臺中市梧棲區衛生所,臺中市,梧棲區,雲集街70巷3號,04 26562809,202479.2783,2683325.857
臺中市清水區衛生所,臺中市,清水區,中山路92號1、2、3樓,04-26222639,206811.9822,2684606.11
臺中市愛心家園附設醫務室,臺中市,南屯區,東興路一段450號2樓,04-24713535,214819.716,2669625.089
臺中市新社區衛生所,臺中市,新社區,興社街四段1號,04-25811704,230623.6541,2681679.523
臺中市潭子區衛生所,臺中市,潭子區,中山路二段241巷5號,04-2532-4643,219964.0102,2678284.282
臺中市龍井區衛生所,臺中市,龍井區,沙田路四段243號,04-2635-2228,203845.23,2676315.36
臺中市豐原區衛生所,臺中市,豐原區,中興路136號,04-25261170,220959.94,2682550.93
臺中市霧峰區衛生所,臺中市,霧峰區,本堂里民生路1-9號,04-2339-3022,219567.157,2661789.627
臺中榮民總醫院,臺中市,西屯區,臺灣大道4段1650號,04 23592525,209833.4807,2675490.683
臺中榮民總醫院埔里分院,南投縣,埔里鎮,蜈蚣里榮光路1號,049-2998911,249675.48,2652343.36
臺中榮民總醫院嘉義分院,嘉義市,西區,劉厝里世賢路二段600號,05 2359630,191052.346,2596176.055
臺中榮民總醫院灣橋分院,嘉義縣,竹崎鄉,灣橋村石麻園38號,05 2791072,199581.08,2598384.7
臺北市北投健康管理醫院,臺北市,北投區,中和街2號,02-28988686,300787.7281,2781111.675
臺北市立萬芳醫院-委託臺北醫學大學辦理,臺北市,文山區,興隆路三段111號,229307930,306358.2934,2765927.541
臺北市立聯合醫院,臺北市,大同區,鄭州路145號,25523234,301346.4279,2771488.92
臺北市立聯合醫院附設士林門診部,臺北市,士林區,中正路439號,228813039,302419.2432,2776162.173
臺北市立聯合醫院附設大同門診部,臺北市,大同區,昌吉街52號(1樓及2樓),02-25948971,302092.0764,2773166.875
臺北市立聯合醫院附設大安門診部,臺北市,大安區,辛亥路3段15號,27390997,304932.4685,2768277.577
臺北市立聯合醫院附設中山門診部,臺北市,中山區,松江路367號1樓,225014614,303824.0241,2773016.237
臺北市立聯合醫院附設中正門診部,臺北市,中正區,牯嶺街24號,02 23210168,302067.8034,2769254.294
臺北市立聯合醫院附設北投門診部,臺北市,北投區,新市街30號5樓,2891-2670,300658.9319,2780546.298
臺北市立聯合醫院附設松山門診部,臺北市,松山區,八德路4段694號(1樓),227671757,308250.9593,2771403.17
臺北市立聯合醫院附設信義門診部,臺北市,信義區,大道路116號1樓、2樓,227234598,308818.7146,2770181.406
臺北市立聯合醫院附設南港門診部,臺北市,南港區,南港路1段360號1樓,227868782,311219.8294,2771954.643
臺北市立聯合醫院附設政大門診部,臺北市,文山區,指南路二段117號,222343501,308200.6687,2764529.985
臺北市立聯合醫院附設萬華門診部,臺北市,萬華區,東園街152號(1樓),23395383,300220.0667,2768436.858
臺北市立關渡醫院─委託臺北榮民總醫院經營,臺北市,北投區,知行路二二五巷十二號,28587000,297009.2196,2779185.961
臺北市政府醫務室,臺北市,信義區,市府路1號(1樓東區),,306891.6336,2770052.151
臺北市議會醫務室,臺北市,信義區,仁愛路四段507號,,306711.0274,2770109.431
臺北榮民總醫院,臺北市,北投區,石牌路二段201號、322號,228712121,302736.5864,2779260.124
臺北榮民總醫院玉里分院,花蓮縣,玉里鎮,新興街91號,38883141,281906.679,2581880.411
臺北榮民總醫院員山分院,宜蘭縣,員山鄉,榮光路386號,03-9222141,319585.536,2735152.014
臺北榮民總醫院桃園分院,桃園市,桃園區,成功路3段100號,03 3384889,282836.41,2766231.29
臺北榮民總醫院新竹分院,新竹縣,竹東鎮,中豐路一段81號,35962134,260073.526,2735067.803
臺北榮民總醫院臺東分院,臺東縣,臺東市,更生路1000號,89325840,263598.459,2519080.812
臺北榮民總醫院鳳林分院,花蓮縣,鳳林鎮,中正路一段2號,38763331,294780.4,2624906.126
臺北榮民總醫院蘇澳分院,宜蘭縣,蘇澳鎮,蘇濱路一段301號,03-9905106,335926.43,2723300.31
臺北醫學大學附設醫院,臺北市,信義區,吳興街252號、250號,227372181,306788.3776,2768843.98
臺安醫院雙十分院,臺中市,北區,雙十路二段29號,(04)22268990,218363.0444,2671982.381
臺東縣大武鄉衛生所,臺東縣,大武鄉,大武村復興路2-2號,89791325,240506.64,2473878.29
臺東縣太麻里鄉衛生所,臺東縣,太麻里鄉,泰和村2鄰民權路66號,89781220,250763.127,2501693.591
臺東縣成功鎮衛生所,臺東縣,成功鎮,中山東路64號,89851419,288875.32,2555398.99
臺東縣池上鄉衛生所,臺東縣,池上鄉,中山路104號,89862609,272000.989,2557774.228
臺東縣卑南鄉衛生所,臺東縣,卑南鄉,太平村和平路132號,089-382042,259042.545,2520154.247
臺東縣延平鄉衛生所,臺東縣,延平鄉,桃源1鄰11號,89561040,267081.041,2550315.721
臺東縣海端鄉衛生所,臺東縣,海端鄉,海端村山界29號,89931391,268099.74,2555471.726
臺東縣鹿野鄉衛生所,臺東縣,鹿野鄉,中華路1段6鄰418號,89551074,256979.109,2522131.197
臺東縣達仁鄉衛生所,臺東縣,達仁鄉,安朔村復興路122號,89702209,238005.096,2466211.338
臺東縣綠島鄉衛生所,臺東縣,綠島鄉,中寮村1鄰中寮1-1號,89672511,298220.14,2508139.79
臺東縣臺東市衛生所,臺東縣,臺東市,大同路51號,89350806,266045.628,2516651.247
臺東縣關山鎮衛生所,臺東縣,關山鎮,中華路78號,89810460,266790.916,2549781.622
臺南市下營區衛生所,臺南市,下營區,營前里中山路二段137號,06-6892149,174514.32,2570113.81
臺南市仁德區衛生所,臺南市,仁德區,仁德里中山路606巷2號,06 2704153,173248.68,2541464.5
臺南市六甲區衛生所,臺南市,六甲區,二甲里中華路110號,06 6982013,183157.4,2569312.44
臺南市北門區衛生所,臺南市,北門區,北門里港北50號,06-7862043,160499.39,2574490.77
臺南市北區衛生所,臺南市,北區,公園里西華街50號,06-2252404,169103.29,2544513.42
臺南市永康區衛生所,臺南市,永康區,永康里文化路51號,06 2326507,174267.77,2546303.13
臺南市玉井區衛生所,臺南市,玉井區,玉田里中正路5號,06 5742275,194600.96,2557934.25
臺南市白河區衛生所,臺南市,白河區,永安里國光路5號,66852014,190269.59,2583386.46
臺南市立安南醫院-委託中國醫藥大學興建經營,臺南市,安南區,長和路二段66號,06-3553111,170403.622,2551607.122
臺南市西港區衛生所,臺南市,西港區,西港里中山路368號,06 7952338,168397.13,2558157.34
臺南市佳里區衛生所,臺南市,佳里區,東寧里進學路159號,06-7224106,165807.2,2562661.53
臺南市官田區衛生所,臺南市,官田區,隆田里中山路一段128號,06-5791493,179990.81,2565826.95
臺南市東區衛生所,臺南市,東區,龍山里林森路一段418號,06-2673613,170239.38,2542834.94
臺南市南區衛生所,臺南市,南區,南都里南和路6號,06-2618578,166740.91,2540158.87
臺南市麻豆區衛生所,臺南市,麻豆區,巷口里興國路11-1號,06 5722215,173060.72,2564708.94
臺南市善化區衛生所,臺南市,善化區,光文里中山路200號,06 5837035,178302.57,2559156.75
臺南市新化區衛生所,臺南市,新化區,豐榮里健康路143號,06-5906025,178748.33,2548261.26
臺南市新市區衛生所,臺南市,新市區,新市里中興街12號,06 5992504,177776.79,2553205.75
臺南市新營區衛生所,臺南市,新營區,大宏里三民路72號,06-6355696,180145.89,2578488.59
臺南市楠西區衛生所,臺南市,楠西區,楠西里中正路226號,06-5751006,197390.26,2563647.25
臺南市學甲區衛生所,臺南市,學甲區,仁得里建國路38號,06-7833359,166277.97,2570018.51
臺南市龍崎區衛生所,臺南市,龍崎區,崎頂里新市子158號,06-5941397,184561.37,2540573.25
臺南市歸仁區衛生所,臺南市,歸仁區,後市里中正北路1段1號,06 2304030,177643.02,2540852.25
臺南市關廟區衛生所,臺南市,關廟區,山西里中正路1000號,06-5952395,181014.91,2540347.25
臺灣基督教門諾會醫療財團法人門諾醫院,花蓮縣,花蓮市,民權路44號,03 8241234,313760.56,2653864.39
臺灣基督教門諾會醫療財團法人門諾醫院壽豐分院,花蓮縣,壽豐鄉,共和村魚池52號,03-8664600,303461.15,2640725.75
臺灣警察專科學校醫務室,臺北市,文山區,興隆路三段153號,22308272,306457.6899,2765677.834
輔英科技大學附設醫院,屏東縣,東港鎮,中山路5號,08 8323146,193679.3,2485167.86
劉文彬內科小兒科診,臺中市,潭子區,潭子街三段一二二號,04 25323336,220112.1822,2678931.747
劉嘉修醫院,高雄市,岡山區,岡山路428號1236樓及426號123樓,07 6222836,177708.29,2521838.98
廣川醫院,新北市,土城區,裕民路274．276．278號,222617000,295934.5903,2763882.014
德仁醫院,桃園市,桃園區,桃鶯路245號,03-3632323,282173.96,2764056.65
德威國際牙醫口腔醫院,臺北市,內湖區,內湖路一段659號1樓,02-27990123,308037.1768,2774790.586
德謙醫院,高雄市,三民區,九如二路18號地下1樓至6樓,07 3210981,179408.933,2504656.934
慶昇醫療社團法人慶昇醫院,嘉義市,西區,新榮路339、339-1號,2229191,193204.054,2597549.678
樂生婦幼醫院,高雄市,大寮區,鳳林三路532號,7862688,187861.21,2500871.61
樂安醫院,高雄市,岡山區,通校路300號,07-6256791,176196.13,2521479.61
澄星牙醫診 所,基隆市,中正區,新豐街428號1、2樓,02-24601333,329280.274,2781042.319
澄清國際眼科醫院,高雄市,鳳山區,五甲二路398號,7156325,181761.64,2499986.87
澄清復健醫院,臺中市,西屯區,敬德街8-1號,04-24612366,210600.7939,2677150.864
澄清綜合醫院,臺中市,中區,平等街139號,04 24632000,217642.2239,2670852.91
澄清綜合醫院中港分院,臺中市,西屯區,臺灣大道4段966號,04 24632000,211091.4168,2675327.104
澎湖縣七美鄉衛生所,澎湖縣,七美鄉,中和村埔內54號,06 9971005,89383.2968,2567751.038
澎湖縣馬公市第一衛生所,澎湖縣,馬公市,樹德路36號,06 9273958,103723.7289,2608026.22
澎湖縣望安鄉將軍衛生所,澎湖縣,望安鄉,將軍村12鄰將軍澳1之3號,06-9902066,98837.7035,2585087.865
蔡醫院,雲林縣,土庫鎮,中山路64號,56622580,187779.61,2619104
衛生福利部八里療養院,新北市,八里區,華富山33號,(02)2610-1660,291575.1325,2782074.193
衛生福利部玉里醫院,花蓮縣,玉里鎮,中華路448號,38886141,282806.191,2582798.948
衛生福利部花蓮醫院,花蓮縣,花蓮市,中正路600號,38358141,312193.13,2652885.45
衛生福利部花蓮醫院豐濱原住民分院,花蓮縣,豐濱鄉,光豐路41號,03 8791385,303201,2611041
衛生福利部金門醫院,金門縣,金湖鎮,復興路2號,082-332546-1201,-11853.3356,2706260.74
衛生福利部南投醫院,南投縣,南投市,復興路478號,49231150,217960,2645545
衛生福利部屏東醫院,屏東縣,屏東市,自由路270號,08 7363011,198163.13,2508191.36
衛生福利部苗栗醫院,苗栗縣,苗栗市,為公路747號,037-261920,233835.564,2718787.053
衛生福利部桃園療養院,桃園市,桃園區,龍壽街七一號,03 3698553,277074.37,2763508.44
衛生福利部桃園醫院,桃園市,桃園區,中山路1492號,03 3699721,277066.22,2763334.87
衛生福利部桃園醫院新屋分院,桃園市,新屋區,新屋里14鄰新福二路六號,(03)4971989,260822.27,2762443.08
衛生福利部疾病管制署健康中心,臺北市,中正區,林森南路6號1樓,02-23959825,302749.0396,2770675.174
衛生福利部胸腔病院,臺南市,仁德區,中山路864號,06-2705911,172259.81,2541766.75
衛生福利部草屯療養院,南投縣,草屯鎮,玉屏路161號,049-2550800,219936.26,2653990.96
衛生福利部基隆醫院,基隆市,信義區,信二路268號,02-24292525,325457.01,2780436.46
衛生福利部新營醫院,臺南市,新營區,信義街73號,06-6351131,179755.11,2578683.91
衛生福利部嘉南療養院,臺南市,仁德區,裕忠路539號,06-2795019,172275.79,2541905.74
衛生福利部嘉義醫院,嘉義市,西區,北港路312號,05 2319090,191681.505,2597681.894
衛生福利部彰化醫院,彰化縣,埔心鄉,中正路二段80號,04-8298686,201887.777,2649591.222
衛生福利部臺中醫院,臺中市,西區,廣民里三民路1段199號,04-22294411,217042.0088,2670591.075
衛生福利部臺東醫院成功分院,臺東縣,成功鎮,中山東路32號,089-854748,288703.962,2555328.558
衛生福利部臺南醫院,臺南市,中西區,中山路125號,06-2200055,168931.81,2544038.69
衛生福利部澎湖醫院,澎湖縣,馬公市,中正路10號,06 9261151,103546.4227,2607533.027
衛生福利部豐原醫院,臺中市,豐原區,安康路100號,04-25271180,222103.33,2681930.15
衛康病理中心,臺北市,中山區,南京東路二段218號8樓,02-25031001,304100.6097,2771623.806
諸元內科醫院,雲林縣,北港鎮,中和里中山路125號,05 7832068,178974.269,2607256.884
賢德醫院,臺中市,太平區,宜昌路420號,04-22732551,220943.34,2671121.46
璟馨婦幼醫院,臺南市,永康區,東橋里東橋七路198號,06-3023366,171811,2546834.57
盧亞人醫院,嘉義市,西區,民權路四0六號,05-2248347,193572.66,2597776.39
蕙生醫院,新北市,中和區,中山路二段551號地下一樓至地上一至六樓,(02)32346688,298542.6853,2766466.362
蕭中正醫院,新北市,板橋區,南雅南路一段15號之1、17號、19號(1、2、3、4樓),(02)29687095,296068.1365,2766616.088
霖園醫院,高雄市,林園區,林園北路244號,07-6413399,187788.161,2490041.807
靜和醫院,高雄市,新興區,民族二路176178180182號,07 2229612,179499.434,2504165.92
龍潭敏盛醫院,桃園市,龍潭區,中豐路168號,03-4794151,271609.18,2751956.45
優生婦產科醫院,高雄市,鳳山區,自由路189號,07 7478629,183285.42,2502967.44
優生醫療社團法人優生醫院,屏東縣,屏東市,華山里瑞光路三段103號,08-7382222,199027.37,2509611.17
營新醫院,臺南市,新營區,隋唐街228號,06-65925926592345,178380.09,2578605.93
聯合病理中心,高雄市,鼓山區,中華一路223號12樓,5545000,177335.305,2507089.019
聯合報系員工診療所,臺北市,信義區,忠孝東路四段五五九巷一號六樓,27681234轉2850,306865.9788,2770546.843
聯安醫院,臺中市,北屯區,東山路一段37號,04 22441995,219441.2407,2673956.966
聯新國際醫院桃園國際機場醫療中心,桃園市,大園區,航站南路9號1樓、3樓與15號B1樓、3樓,4941234-2972、3983137,273455.44,2774335.11
聯醫病理中心,臺北市,大同區,重慶北路3段199號12樓,02-27024780,301850.4062,2773583.708
謝外科醫院,高雄市,三民區,河北一路330號,07-2360121,178376.752,2504237.931
豐安醫院,臺中市,豐原區,中正路115號,04-25231180,221634.4702,2682922.367
豐榮醫院,新北市,新店區,安德街26巷3號(B棟),02-2212-2111,301653.7439,2761803.458
醫療財團法人台灣血液基金會台中捐血中心,臺中市,西屯區,臺灣大道4段1176號,04-24612345,210639.017,2675529.748
醫療財團法人台灣血液基金會台中捐血中心埔里捐血站,南投縣,埔里鎮,北環路222號,49981019,246743.15,2651762.11
醫療財團法人台灣血液基金會台中捐血中心彰化捐血站,彰化縣,彰化市,中山路一段三四八號,04 7246073,202738.37,2661811.21
醫療財團法人台灣血液基金會台北捐血中心,臺北市,中正區,南海路1號3樓＆北投區立德路123號,223511600,302201.0733,2769508.11
醫療財團法人台灣血液基金會台北捐血中心宜蘭捐血站,宜蘭縣,宜蘭市,進士里擺厘路16-7號,03-9325544,325925.141,2737675.721
醫療財團法人台灣血液基金會台北捐血中心板橋捐血站,新北市,板橋區,雙十路3段27號2樓,(02) 22548230、28971600,297475.7809,2769328.81
醫療財團法人台灣血液基金會台北捐血中心花蓮捐血站,花蓮縣,花蓮市,中山路一段170號,03-8560990,310236.094,2655101.25
醫療財團法人台灣血液基金會台北捐血中心基隆捐血站,基隆市,信義區,信一路十四號一樓,24278500,326304.952,2780233.282
醫療財團法人台灣血液基金會高雄捐血中心,高雄市,楠梓區,高楠公路1837號,07- 3660999,180221.74,2514455.69
醫療財團法人台灣血液基金會高雄捐血中心台東捐血站,臺東縣,臺東市,四維路三段198號,089-221995,264273.78,2518393.31
醫療財團法人台灣血液基金會高雄捐血中心台南捐血站,臺南市,中西區,永福路一段85號,06-2131212,167971.24,2542704.73
醫療財團法人台灣血液基金會高雄捐血中心屏東捐血站,屏東縣,屏東市,勝利里忠孝路295號,08 7521917,197479.49,2510028.42
醫療財團法人台灣血液基金會高雄捐血中心馬公捐血站,澎湖縣,馬公市,中山路62號,06-9262606,103410.2943,2607432.859
醫療財團法人台灣血液基金會高雄捐血中心嘉義捐血站,嘉義市,西區,博愛路一段486、488、490號,05-2335951,193063.363,2598148.246
醫療財團法人台灣血液基金會新竹捐血中心,新竹縣,竹北市,光明十一路215巷8號,03-5556111,249719.369,2747402.376
醫療財團法人台灣血液基金會新竹捐血中心苗栗捐血站,苗栗縣,苗栗市,為公路282號1樓及292巷1號1樓,037-274980,232742.248,2718309.214
醫療財團法人台灣血液基金會新竹捐血中心桃園捐血站,桃園市,桃園區,文康街61號、63號,03-3327651,280662.24,2765152.08
醫療財團法人正德癌症醫療基金會佛教正德醫院,臺中市,南屯區,文心南五路三段100號,04-37026588,212491.3451,2670932.631
醫療財團法人好心肝基金會好心肝病理中心,臺北市,中正區,公園路30之1號7樓、7樓之1,2381-1891,302147.3519,2770782.921
醫療財團法人病理發展基金會台北病理中心,臺北市,大同區,重慶北路3段146號1-7樓及地下一層,285962050,301804.5923,2773402.222
醫療財團法人辜公亮基金會和信治癌中心醫院,臺北市,北投區,立德路125號,02-28970011,297595.5551,2780076.171
醫療財團法人臺灣區煤礦業基金會臺灣礦工醫院,基隆市,暖暖區,源遠路29號,02 24579101,323984.168,2777895.831
顏威裕醫院,高雄市,楠梓區,後昌路826號1-7樓,07-3639053,177645.786,2512472.167
霧峰澄清醫院,臺中市,大里區,成功路55號,04-24922000,219436.6656,2664553.062
寶建醫療社團法人寶建醫院,屏東縣,屏東市,中山路119、123號,08-7665995,197023.76,2509140.75
馨蕙馨醫院,高雄市,左營區,明誠二路五四一號,07一5586080,178455.651,2506909.552
